,South Africa,Algeria,Libya,Morocco,Western Sahara,Sudan,Tunisia,Egypt,North Africa nes,Cameroon,Central Afr Rep,Chad,Congo,Gabon,Ceuca nes,Angola,Br Ind Oc Tr,Burundi,Comoros,Congo Dem Rep,Benin,Eq Guinea,Ethiopia,Fr So Ant Tr,Djibouti,Gambia,Ghana,Guinea,Cote D'Ivoire,Kenya,Liberia,Madagascar,Malawi,Mali,Mauritania,Mauritius,Mozambique,Niger,Nigeria,Guinea-Bissau,Reunion,Rwanda,St Helena,Senegal,Seychelles,Sierra Leone,Somalia,Zimbabwe,Togo,Uganda,Tanzania,Burkina Faso,Zambia,Other Africa nes,Canada,USA,Bermuda,Greenland,St Pierre Miqu,Argentina,Bolivia,Brazil,Chile,Colombia,Ecuador,Mexico,Paraguay,Peru,Uruguay,Venezuela,Laia nes,Costa Rica,El Salvador,Guatemala,Honduras,Nicaragua,Cacm nes,Bahamas,Barbados,Cayman islds,Cuba,Dominican Rp,Guadeloupe,Haiti,Jamaica,Neth Antilles,St Kitts Nev,Trinidad Tbg,Turks Caicos Isl,Caribbean nes,Belize,Falkland Isl,French Guiana,Guyana,Panama,Suriname,Rest America nes,Israel,Japan,Bahrain,Cyprus,Iran,Iraq,Jordan,Kuwait,Lebanon,Oman,Qatar,Saudi Arabia,Fm Dem Yemen,Syrn Arab Rp,Untd Arab Em,Turkey,Fm Yemen,Yemen,Middle East nes,Afghanistan,Bangladesh,Bhutan,Brunei,Myanmar,Cambodia,Sri Lanka,Hong kong,India,Indonesia,Korea Rp,Laos P Dem R,Malaysia,Maldives,Nepal,Pakistan,Philippines,Singapore,Thailand,Taiwan,China,Korea D P Rp,Mongolia,Vietnam,Asia cpe nes,Belgium-Lux,Denmark,France,Germany,Greece,Ireland,Italy,Netherlands,Portugal,Spain,UK,EEC nes,Austria,Finland,Iceland,Norway,Sweden,Switzerland,EFTA nes,Gibraltar,Malta,Other Eur nes,Albania,Bulgaria,Fm Czechoslovak,Fm German Dm Rp,Hungary,Poland,Romania,Fm Eur cpe nes,Fm Yugoslavia,Fm USSR,Australia,New Zealand,Solomon Islds,Fiji,Kiribati,New Caledonia,Papua N Guinea,Oth Oceania nes,Areas nes,Unknown partner
      South Africa,,,,,,0.263158,,,,27.894737,,,3.947368,0.315789,,18.578947,,,2.947368,36.947368,11.789474,,0.368421,,,0.421053,3,0.315789,2.105263,22.684211,,3.157895,98.578947,,,67.526316,74.421053,,21.789474,,23.421053,,,,2.842105,0.315789,,616.473684,,3.052632,25.789474,,83.421053,,19.526316,620.578947,,,,24.052632,,22.736842,4.315789,,,,0.842105,,,0.789474,,,,,,,,,,,,,,,,,,,,,,,,,,,,41.052632,18.368421,0.368421,,0.368421,,,,1.315789,0.789474,,0.368421,,,10.315789,0.842105,,,,,,,,,,1.368421,169.684211,1.684211,0.631579,28.842105,,4.526316,,,,,36.263158,0.842105,57.736842,3.578947,,,,,28.263158,4.894737,104.736842,1705.947368,76.947368,143.105263,92.421053,197.421053,6.210526,74.368421,710.684211,,11.631579,0.263158,,6.263158,65.315789,73.105263,,,1.526316,,,,4.421053,,7.631579,,5.368421,,,1.052632,605.157895,16.736842,,,,,0.263158,,148.526316,
      Algeria,,,,1.263158,,,1.526316,,,,,,,,,,,,,,,,,,,,,,,,,,,,,,,,,,,,,,,,,,,,,,,,,0.421053,,,,,,,,,,,,,,,,,,,,,,,,,,,,,,,,,,,,,,,,,,,,,,,,,,,,,,,,,,,,,,,,,,,,,,,,,,,,,,,,,,,,,,0.578947,,4.842105,,,,2.421053,,,,1.263158,,,,,,,,,,,,,,,,,,,,,7.631579,,,,,,,,,,
      Libya,,0.263158,,0.315789,,1.578947,9.368421,,,,,2.526316,,,,,,,,,,,,,,,,,,,,,,,,,,,,,,,,,,,,,,,,,,,,,,,,,,,,,,,,,,,,,,,,,,,,,,,,,,,,,,,,,,,,,,,,,,,,1.052632,,0.684211,,,,,4.368421,2.526316,0.947368,,,,,,,,,,,,5.052632,,,,,,,6.263158,0.894737,,,,,,,,,,,0.473684,,,,1.526316,1.157895,,,10.631579,,,,,,,,,,,,,,,,,,3.052632,,0.526316,,,,,,,,,,,
      Morocco,,32.789474,134.947368,,,,74.789474,,,,,,,,,,,,,,,,,,,,,,,,,,,1.421053,1.105263,,,,,,,,,0.684211,,,,,,,,1.947368,,,3.736842,33.421053,,,,,,,,,,,,,,,,,,,,,,,,,,,,,,,,,,,,,,,,,,,,,,,,,,,,,1.789474,,,,,,,,,,,,,,,,,,0.736842,,,,,,,,,,,,,,,32.052632,0.315789,391.263158,8.157895,,8.789474,83.157895,36.157895,,13.421053,13.263158,,0.315789,,,,,0.263158,,,,,,,,,,,,,,1.736842,0.789474,,,,,,,,0.578947,
      Western Sahara,,,,,,,,,,,,,,,,,,,,,,,,,,,,,,,,,,,,,,,,,,,,,,,,,,,,,,,,,,,,,,,,,,,,,,,,,,,,,,,,,,,,,,,,,,,,,,,,,,,,,,,,,,,,,,,,,,,,,,,,,,,,,,,,,,,,,,,,,,,,,,,,,,,,,,,,,,,,,,,,,,,,,,,,,,,,,0.473684,,,,,,,,,,
      Sudan,,,,,,,,,,,,,,,,,,,,,,,,,,,,,,,,,,,,,,,,,,,,,,,,,,,,,,,0.315789,,,,,,,,,,,1.421053,,,,,,,,,,,,,,,,,,,,,,,,,,,,,,,,,,,,,,,,,,,,,,2.421053,,,,,,,,,,,,,,,,,,,,,,,,,,,,,,,,,,1.315789,,,,,,2.631579,,,,,,,,,,,,,,,,,,,,,,,,,,,,,,,
      Tunisia,,9.894737,147.947368,26.421053,,6.736842,,5.368421,,,,,,,,0.315789,,,,,,,1.210526,,,,,,,0.526316,,,,0.736842,1.052632,,,,,,,,,,,,,,,,,,,,,6.842105,,,,,,,,,,,,,,,,,,,,,,,,,,,,,,,,,,,,,,,,,,,,1.157895,,,11.210526,4.105263,5.473684,3,2.473684,3.315789,63.736842,,13.210526,7.736842,,,10.368421,,,,,,,,,,,,,,0.631579,,,,,,,,,,,,,4.736842,0.473684,168.157895,7.684211,,,24.473684,2.263158,,3.894737,182.368421,,5.315789,,,5.631579,,,,,2.157895,,,,,,2.105263,,,,,,,,,,,,,,4.263158,
      Egypt,,3.105263,23.263158,2.526316,,4.736842,5.789474,,,,,,,,,,,,,,,,,,0.789474,,,,,,,,,,0.684211,,,,,,,,,,,,,,,,,,,,,15.842105,,,,,,,,,,,,,,,,,,,,,,,,,,,,,,,,,,,,,,,,,,12.789474,2.421053,7.368421,,,4.315789,35.842105,23.578947,6.421053,10.210526,7.736842,138.368421,,2.578947,4.157895,,,8.052632,,,,,,,,,1,,0.473684,,,1.052632,,,,,,,,,,,,,,0.736842,9.368421,2.631579,,,6.736842,0.736842,,,288.736842,,3.421053,,,,0.631579,1,,,,,,0.263158,1.684211,,,,,,,0.631579,0.842105,,,,,,,,,
      North Africa nes,,,,,,,,,,,,,,,,,,,,,,,,,,,,,,,,,,,,,,,,,,,,,,,,,,,,,,,,,,,,,,,,,,,,,,,,,,,,,,,,,,,,,,,,,,,,,,,,,,,,,,,,,,,,,,,,,,,,,,,,,,,,,,,,,,,,,,,,,,,,,,,,,,,,,,,,,,,,,,,,,,,,,,,,,,,,,,,,,,,,,,,
      Cameroon,3.684211,,,,,,,,,,,,,,,,,,,,,0.315789,,,,,,,,,,0.578947,,,,,,,,,,,,,,,,,,,,,,,1.894737,13.894737,,,,,,,,,,,,,,18.894737,,,,,,,,,,,,,,,,,,,,,,,,,,,,,,,,,,,,,,,,,,,,,,,,,,,,,,,,,,,,,,,,,0.263158,,,,,,,0.368421,,28.526316,29.421053,,,2.894737,2.368421,,0.736842,14.473684,,2.631579,0.947368,,0.421053,0.789474,5.578947,,,,,,,0.421053,,,,,,,,0.473684,,,,,,,,,
      Central Afr Rep,,,,,,,,,,,,,,,,,,,,,,,,,,,,,,,,,,,,,,,,,,,,,,,,,,,,,,,,,,,,,,,,,,,,,,,,,,,,,,,,,,,,,,,,,,,,,,,,,,,,,,,,,,,,,,,,,,,,,,,,,,,,,,,,,,,,,,,,,,,,,,,,,,,,,,,,,,,,,,,,,,,,,,,,,,,,,,,,,,,,,,,
      Chad,,,,,,,,,,,,,,0.315789,,,,,,,,,,,,,,,,,,,,,,,,,,,,,,,,,,,,,,,,,,,,,,,,,,,,,,,,,,,,,,,,,,,,,,,,,,,,,,,,,,,,,,,,,,,,,,,,,,,,,,,,,,,,,,,,,,,,,,,,,,,,,,,,,,,,,,,,,,0.421053,,,,,,,,,,,,,,,,,,,,0.263158,,,,,,,,,,,
      Congo,0.315789,,,,,,,,,,,,,,,,,,,1.368421,,,,,,,,,,,,,,,,,,,,,,,,,,,,,,,,,,,,0.894737,,,,,,,,,,,,,,,,,,,,,,,,,,,,,,,,,,,,,,,,,,,,,,,,,,,,,,,,,,,,,,,,,,,,,,,,,,,,,,,,,,,,,,,,4.842105,,,,2.947368,,,,5.631579,,,,,0.631579,,0.421053,,,,,,,0.789474,,,,,,,,,,,,,,,,,
      Gabon,,,,,,,,,,,,,,,,,,,,,,,,,,,0.421053,,1.736842,,,,,,,,,,,,,,,,,,,,,,,,,,,3.473684,,,,,,,,,,,,,,,,,,,,,,,,,,,,,,,,,,,,,,,,,,,,,,,,,,0.684211,1.315789,,,,0.736842,,,,,,,,,,,,,,,,,,,,,,,,,,,,,,,,,22.315789,1.105263,,,1.157895,1.578947,,,26.052632,,,,,,,0.842105,,,,,,,,,,,,,,,,,,,,,,,,
      Ceuca nes,,,,,,,,,,,,,,,,,,,,,,,,,,,,,,,,,,,,,,,,,,,,,,,,,,,,,,,,,,,,,,,,,,,,,,,,,,,,,,,,,,,,,,,,,,,,,,,,,,,,,,,,,,,,,,,,,,,,,,,,,,,,,,,,,,,,,,,,,,,,,,,,,,,,,,,,,,,,,,,,,,,,,,,,,,,,,,,,,,,,,,,
      Angola,,,,,,,,,,,,,,,,,,,,,,,,,,,,,,,,,,,,,,,,,,,,,,,,,,,,,,,,,,,,,,,,,,,,,,,,,,,,,,,,,,,,,,,,,,,,,,,,,,,,,,,,,,,,,,,,,,,,,,,,4.473684,,,,,,,,,,,,,,,,,,,,,,,,1.157895,,,,,,,,9.052632,,,,,,,,,,,,,,,,,,,,0.421053,,,,,,,,,,,
      Br Ind Oc Tr,,,,,,,,,,,,,,,,,,,,,,,,,,,,,,,,,,,,,,,,,,,,,,,,,,,,,,,,,,,,,,,,,,,,,,,,,,,,,,,,,,,,,,,,,,,,,,,,,,,,,,,,,,,,,,,,,,,,,,,,,,,,,,,,,,,,,,,,,,,,,,,,4.263158,,,,,,,,16.105263,,,,,,,,,,,,,,,,,,,,,,,,,,,,,,,
      Burundi,,,,,,,,,,,,,,,,,,,,,,,,,,,,,,,,,,,,,,,,,,,,,,,,,,,,,,,,,,,,,,,,,,,,,,,,,,,,,,,,,,,,,,,,,,,,,,,,,,,,,,,,,,,,,,,,,,,,,,,,,,,,,,,,,,,,,,,,,,,,,,0.421053,,,,,,,,,2,,,,,,,,,,,,,,,,,,,,,,,,,,,,,,,,
      Comoros,,,,,,,,,,,,,,,,,,,,,,,,,,,,,,,,,,,,,,,,,,,,,,,,,,,,,,,,0.263158,,,,,,,,,,,,,,,,,,,,,,,,,,,,,,,,,,,,,,,,,,,,,,,,,,,,,,,,,,,,,,,,,,,,,,,,,,,,,,,,,,,,,,,,,,,,,,,,1.421053,,,,,,,,,,,,,,,,,,,,,,,,,,,,,,,
      Congo Dem Rep,,,,,,,,,,,,,1.052632,,,,,,,,,,,,,,,,,,,,,,,,,,,,,,,,,,,,,,,,,,,0.842105,,,,,,,,,,,,,,,,,,,,,,,,,,,,,,,,,,,,,,,,,,,0.526316,,,,,,,,,,,,,,,,,,,,,,,,,,,,0.842105,,,,,,,,,,,,,,,1.052632,,0.473684,7.052632,,0.947368,,,,,,,,,,,,0.315789,,,,,,,,,,,,,,,,,,,,,,,,
      Benin,,1.473684,,,,,,,,,,,,,,,,,,,,,,,,,,,,,,,,,,,,,,,,,,,,,,,,,,,,,,3.526316,,,,,,,,,,1,,,,,,,,,,,,,,,,,,,,,,,,,,,,,,,,,,,,,,,,,,,,,,,,,,,,,,,,,,,,,,,,,,,,,,,,,,,,,,,,0.473684,,,0.473684,,,7.315789,,,,,,,,,,,,,,,,,,,,,,,,,,,,,,,
      Eq Guinea,,,,,,,,,,,,,,,,,,,,,,,,,,,,,,,,,,,,,,,,,,,,,,,,,,,,,,,,,,,,,,,,,,,,,,,,,,,,,,,,,,,,,,,,,,,,,,,,,,,,,,,,,,,,,,,,,,,,,,,,,,,,,,,,,,,,,,,,,,,,,,,,,,,,,0.368421,,,2,,,,,,,,,,,,,,,,,,,,,,,,,,,,,,,
      Ethiopia,,,,,,,,,,,,,,,,,,,,,,,,,0.263158,,,,,,,,,,,,,,,,,,,,,,,,,,,,,,,0.789474,,,,,,1,,,,,,,,,,,,,,,,,,,,,,,,,,,,,,,,,,,,,,,,,,,,,,,,,,,,,,,,,,,,,,1.578947,,,,,,,,,,,,,,,,,,,,,,,,0.526316,,,,0.736842,,,,,,,1.315789,,,,,,,,,,,,,,,,,,,,,,,,
      Fr So Ant Tr,,,,,,,,,,,,,,,,,,,,,,,,,,,,,,,,,,,,,,,,,,,,,,,,,,,,,,,,,,,,,,,,,,,,,,,,,,,,,,,,,,,,,,,,,,,,,,,,,,,,,,,,,,,,,,,,,,,,,,,,,,,,,,,,,,,,,,,,,,,,,,,,,,,,,,,,,,,,,,,,,,,,,,,,,,,,,,,,,,,,,,,
      Djibouti,,,,,,,,,,,,,,,,,,,,,,,1.789474,,,,,,,,,,,,,,,,,,1.210526,,,,,,,,,,,,,,,2.631579,,,,,,,,,,,,,,,,,,,,,,,,,,,,,,,,,,,,,,,,,,,,,,,,,,,,,,,,0.421053,,,,,,,,,,,,,15.947368,,,,,,,,,,,,,,,,,,,,0.315789,,,,,,,,,,,,,,,,,,,,,,,,,,,,,,,,,,,,,0.263158,
      Gambia,,,,,,,,,,,,,,,,,,,,,,,,,,,,,,,,,,,,,,,,,,,,,,,,,,,,,,,1.526316,8.526316,,,,,,,,,,,,,,,,,,,,,,,,,,,,,,,,,,,,,,,,,,,0.526316,,,,,,,,,,,,,,,,,,,,,5.210526,,,,,,,,,,,,,,,,,,,,,,0.368421,0.263158,,12.736842,,,0.736842,3.894737,,,3.421053,,,,,0.263158,3.421053,0.631579,,,,,,,,,,,,,0.368421,,,,,,,,,,,
      Ghana,,,,,,,,,,,,,,,,,,,,,,,,,,,,,,,,,,,,,,,,,,,,,,,,,1.684211,,,,,,6.421053,46.157895,,,,,,,,,,1.210526,,,,,,,,,,,,,,,,,,,,,,,,,,,,,,,,,0.526316,,,,,,,,,,,,,,,,,,,,,,,,,,,,,,,,,,,0.631579,,,,,,,,0.263158,,1.684211,26.736842,,,0.526316,10.631579,,0.263158,105.631579,,2.578947,,,0.263158,1.263158,4.684211,,,,,,0.736842,,,,,,,0.315789,,5.157895,,,,,,,,,
      Guinea,,,,,,,,,,,,,,1.052632,,,,,,,,,,,,,,,,,,,,,,,,,,,,,,,,,,,,,,,,,0.631579,8.894737,,,,,,,,,,,,,,,,,,,,,,,0.526316,,,,,,,,,,,,,,,,,,,,1,,,,,,,,,,,,,,4.736842,,,,,,,,,,,,,,,,,,,,,,,,,,,,,,,2.684211,1.736842,,,,4.947368,,,,,0.473684,,,,,2.631579,,,,,,,0.894737,,,,,,0.473684,,,,,,,,,,,
      Cote D'Ivoire,2.526316,,,0.473684,,,,,,0.315789,,,1.210526,0.315789,,,,,,,0.368421,,,,,,0.421053,,,,,,,,,,,1.842105,5.842105,,,,,0.315789,,,,,1.315789,,,3.263158,,,,44.473684,,,,,,,,,,,,0.315789,,,,,,,,,,,,,,,,,,,,,,,,,,,,,,1.052632,0.315789,,,,,,,,,,,,,,,,,,,,,,,,,,,,,,,,,,,,,,,,,,,1.421053,,36.578947,36.789474,0.684211,0.473684,2,16.473684,,,43.368421,,16.473684,,,3.894737,0.421053,19.157895,,,,,,,,,,,,,,,,,,,,,,,10.210526,
      Kenya,1.578947,,,,,,,,,,,,,,,,,,,0.684211,,,1.315789,,,,,,,,0.315789,,8.789474,,,0.315789,,,,,,1.315789,,,0.263158,,,,,11.263158,5.210526,,0.526316,,1.789474,24.052632,,,,,,,,,,,,,,,,,,,,,,,,,,,,,,,,,,,,,,,,,,,0.947368,,,,,,,,,,,,,,,,,,,,,,,,,,,0.368421,,,0.736842,,,1,,3.315789,13.473684,,,,,,,,0.315789,,3.315789,0.263158,,1.368421,,,,17,,0.421053,,,,0.526316,3.526316,,,,,,,,,,1.473684,,,,,2.368421,0.263158,,,,,,,,
      Liberia,,,,,,,,,,0.473684,,,,,,,,,,,,,,,,,0.263158,,,,,,,,,,,,,,,,,1.263158,,0.842105,,,15.736842,,,,,,,7.842105,,,,,,,,,,0.473684,,,,,,,,,,,,,,,,,,,,,,,,,,,,,,,,,0.315789,,,,,,,,,,,,,,,,,,,,,,,,,,,,,,,,,,,,,,,,,,,,,,,6.263158,,,,,,0.473684,,,,,,,,,,,,,,,,,,,,,0.263158,,,,,,,,,,
      Madagascar,,,,,,0.894737,,,,,,0.263158,,,,,,,,,,,,,,,,,,0.842105,,,,,,2.947368,,,,,2.473684,,,,,,,,,,,,,,0.263158,5.947368,,,,,,,,,,,,,,,,,,,,,,,,,,,,,,,,,,,,,,,,,,,,,,,,,,,,,,,,,,,,,,,,,,,,,,0.894737,,,,,,,,,,,,,,,,1.315789,,55.052632,0.315789,,,12.263158,1.105263,,0.263158,0.315789,,,,,,,,,,,,,,,,,,,,,,,,,,,,,,,
      Malawi,0.263158,,,,,,,,,,,,,,,,,,,,,,,,,,,,,0.263158,,,,,,,,,,,,,,,,,,0.578947,,,,,,,,,,,,,,,,,,,,0.263158,,,,,,,,,,,,,,,,,,,,,,,,,,,,,,,,,,,,,,,,,,,,,,,,,,,,,,,,,,,,,,,,,,,,,,,,,,,,,0.789474,,,,,,,4.157895,,,,,,,,,,,,,,,,,,,,,,,,,,,,,,2.526316,
      Mali,0.368421,,,,,,,,,,,,,,,,,,,,,,,,,,,,,,,,,,,,,,,,,,,,,,,0.315789,,,,,,,0.684211,39.842105,,,,,,,,,,,,,,,,,,,,,,,,,,,,,,,,,,,,,,,,,,,2.315789,,,,,,,,,,,,,,,,,,,,,,,,,,,,,,,,,,,,,,,,,,,2.368421,,11.789474,0.421053,,7.157895,,0.578947,,0.684211,,,,,,1.105263,0.368421,0.263158,,,,,,,,,,,,,,,,,,,,,,,,
      Mauritania,,,,,,,,,,,,,,,,,,,,,,,,,0.526316,,,,,,,,,,,,,,,,,,,,,,,,,,,,,,,,,,,,,,,,,,,,,,,,,,,,,,,,,,,,,,,,,,,,,,,,,,,,,,,,,,,,,,,,,,,,,,,,,,,,,,,,,,,,,,,,,,,,,0.315789,,,,,,,,,,25.263158,,,,,,,,,,,,,,,,,,,,,,,,,,,,,,,
      Mauritius,2.368421,,,,,,,,,,,,,,,,,,0.526316,,,,,,,,,,,15.736842,,7.052632,,,,,,,0.684211,,14.526316,,,,0.473684,,,23.105263,,,23.631579,,0.842105,,0.368421,29.631579,,,,,,,,,,0.421053,,,,,,,,,,,,,,,,,,,,,,,,,,,,,,,,,,,,,,,,,,,,,,,,,,,,,,,,,,,1.631579,,2.052632,,,,,,,5.210526,,,,,,,,1.105263,,8.105263,,,0.263158,0.631579,,,,17.947368,,0.368421,,,,,,,,,,,,,,,,,,,,,,,,,,,,25.631579,
      Mozambique,,,,,,,,,,,,,,,,,,,,,,,,,,,,,,,,,,,,,,,,,,,,,,,,,,,,,,,,3.736842,,,,,,,,,,,,,,,,,,,,,,,,,,,,,,,,,,,,,,,,,,,0.526316,,,,,,,,,,,,,0.421053,,,,,,,,,,,,,,,,,,,,,,,,,,,,,,,,7,,,1.736842,,,,,4.263158,,,,,1,,,,,,,,,0.736842,,,,,,,,,,,,,,,,,
      Niger,,,,,,,,,,,,,,,,,,,,,,,,,,,,,,,,,,,,,,,,,,,,,,,,,,,,,,,15.842105,31.368421,,,,5.315789,,,,,,,,,,,,,,,,,,,,,,,,,,,,,,,,,,,,,,,,,,,,,,,,,,,,,,,,,,,,,,,,,,,4.157895,,,,,,,,0.315789,,,,,,,,,1.842105,,,,,,,,70.894737,,2.578947,,,,0.263158,0.315789,,,,,,,,,,,,,,,,,,,,,,,,
      Nigeria,0.684211,,,,,,,,,1.578947,,,3.052632,2.578947,,,,,,,1.368421,,,,,,27.631579,,,0.421053,,,,1.368421,,,,0.894737,,,,,,1.315789,,,,4.052632,12.052632,,,,,,3.473684,11.315789,,,,,,,,,,61.368421,,,,,,,,,,,,,,,,,,,,,,,,,,,,,,,,,7.947368,,,,,,,,,,,,,,,,,,,,,,,,,13.736842,,,,,,,,,,1.526316,,,,,,,,3.631579,,23.578947,6.263158,,,8.947368,14.789474,,0.368421,75.473684,,,,,3.157895,,0.526316,,,,,,,,,,,,,0.368421,31.526316,,,,,,,,,,
      Guinea-Bissau,,,,,,,,,,,,,,,,,,,,,,,,,,,,,,,,,,,,,,,,,,,,,,,,,,,,,,,12.421053,0.421053,,,,,,,,,,0.263158,,,,,,,,,,,,,,,,,,,,,,,,,,,,,,,,,,,,,,,,,,,,,,,,,,,,,,,,,,,,,,,0.789474,,,,,,,,,,,,,,,2.368421,,,,,0.578947,,,,,,,,,,,,,,,,,,,,,,,,,,,,,,,,,,
      Reunion,,,,,,,,,,,,,,,,,,,5.210526,,,,,,0.526316,,,,,,,10.421053,,,,4.105263,,,,,,,,,5.157895,,,,,,,,,,,,,,,,,,,,,,,,,,,,,,,,,,,,,,,,,,,,,,,,,,,,,,2.421053,,,,,,,,,,,,,,,,,,,,,,,,,,,,,,,,,,,,,,,,,,,0.894737,,20.947368,,,,,,,,,,,,,,,0.263158,,,,,,,,,,,,,,,,,,,,,,,3.421053,
      Rwanda,,,,,,,,,,,,,,,,,,,,,,,,,,,,,,,,,,,,,,,,,,,,,,,,,,,,,,,,0.473684,,,,,,,,,,,,,,,,,,,,,,,,,,,,,,,,,,,,,,,,,,,0.263158,,,,,,,,,,,,,,,,,,,,,,,,,,,,,,,,,,,,,,,,,,,0.263158,,1.105263,0.421053,,,,0.947368,,,1.157895,,0.368421,,,,,1.736842,,,,,,,,,,,,,,,,,,,,,,,,
      St Helena,,,,,,,,,,,,,,,,,,,,,,,,,,,,,,,,,,,,,,,,,,,,,,,,,,,,,,,,0.894737,,,,,,,,,,,,,,,,,,,,,,,,,,,,,,,,,,,,,,,,,,,,,,,,,,,,,,,,,,,,,,,,,,,,,,,,,,,,,,,,,,,,,,,,,,,,,,,,2.684211,,,,,,,,,,,,,,,,,,,,,,,,,,,,,,,
      Senegal,2.684211,,,,,1.789474,,,,0.526316,,,0.736842,2.157895,,,,,,,,,,,,0.473684,,1.947368,13,,,,,11.578947,4.684211,,,,2.210526,,,,,,,,,,,,,,,,4.684211,14.894737,,,,,,,,,,,,,,,,,,,,,,,,,,,,,,,,,,,,,,,,,,,3.947368,,,,,,,,,,,,,,,,,,,,,,,,,,,,4.368421,,1.368421,,,,,,,,,,,,,0.473684,,61.526316,23.157895,,0.578947,8.157895,2.473684,2.684211,2,3.210526,,2.684211,,,3.105263,1,5.684211,,,,,,,,,,,,,,,0.368421,,,,,,,,,
      Seychelles,1,,,,,,,,,,,,,,,,,,,,,,,,,,,,,,,,,,,,,,,,,,,,,,,,,,,,,,0.263158,7.736842,,,,,,,,,,,,,,,,,,,,,,,,,,,,,,,,,,,,,,,,,,,,,,,,,,,,,,,,5.842105,,,,,,,,,,,,,,,,,,,,,,,,,,,,,,,,,,,,,,,,1.631579,,,,,,,,,,,,,,,,0.789474,,,,,,,,,,,,,,,
      Sierra Leone,,,,,,,,,,,,,,,,,,,,,,,,,,,,,,,,,,,,,,,,,,,,,,,,,1.052632,,,,,,,0.421053,,,,,,,,,,,,,,,,,,,,,,,,,,,,,,,,,,,,,,,,,,,,,,,,,,,,,,,,,,,,,,,,,,,,,,,,,,,,,,,,,,,,,,,,,,,1.263158,,,,,3.684211,,,,,,,2.105263,,,,,,,1.105263,,,,,,,,,,,,,,,,,
      Somalia,,,,,,,,,,,,,,,,,,,,,,,,,,,,,,,,,,,,,,,,,,,,,,,,,,,,,,,,3.157895,,,,,,,,,,,,,,,,,,,,,,,,,,,,,,,,,,,,,,,,,,,,,,,,,,,,,,,,,,,,,,,,,,,,,,,,,,,,,,,,,,,,,,,,1.736842,,,,,,,,,,,,,,,,,,,,,,,,,,,,,,,,,,,,,,,
      Zimbabwe,34.736842,,,,,,,,,,,,,,,,,,,,,,,,,,,,,1.315789,,,9.052632,,,,1.421053,,,,,,,,,,,,,1.105263,,,2.421053,,2.684211,6.631579,,,,,,,,,,6.368421,,,,,,,,,,,,,,,,,,,,,,,,,,,,,,,,,1.105263,,,,,,,,,,,,,,,,,,,,,,,,,,,,,,,,,,,,,,0.842105,,,,,,,1.894737,0.315789,,1,6,1.894737,,,26.263158,,0.368421,,,0.315789,1.157895,,,,,,,,,,,,,,,,0.684211,,,,,,,,,
      Togo,,,,,,,,,,,,,,,,,,,,,,,,,,,,,,,,,,,,,,,,,,,,,,1.210526,,,,,,,,,,0.842105,,,,,,,,,,0.578947,,,,,,,,,,,,,,,,,,,,,,,,,,,,,,,,,,,,,,,,,,,,,,,,,,,,,,,,,,,,,,,,,,,,,,,,,,,,,,2,3.052632,,,,0.263158,,,3,,,,,,,,,,,,,,,,,,,,,,,,,,,,,,,
      Uganda,0.789474,,,,,,,,,,,,,,,,,,,,,,,,,,,,,,,,,,,,,,,,,,,,,,,,,,,,,,0.315789,0.947368,,,,,,,,,,,,,,,,,,,,,,,,,,,,,,,,,,,,,,,,,,,,,,,,,,,,,,,,,,,,,,,,,,,,,,,,,,,,,,,,,,,,,,,,,2.526316,,,0.578947,,,0.315789,1.157895,,,,,,,,,,,,,,,,,,,,0.421053,,,,,,,,,,,
      Tanzania,7,,,,,,,,,,,,,,,,,,,,,,,,,,,,,0.315789,,,,,,,,,,,,,,,,,,2.684211,,,,,,0.684211,,1.578947,,,,,,,,,,,,,,,,,,,,,,,,,,,,,,,,,,,,,,,,,,,3.473684,,,,,,,,,,,,,,,,,,,,,,,,,,,,,,,,,,,,,,0.368421,,,,,,,10.263158,6.473684,,,2.052632,,,,3.315789,,,,,,0.263158,,,,,,,,,,,,,,,,,,,,,,,,,
      Burkina Faso,0.315789,,,,,,,,,,,,,,,,,,,,,,,,,,,,,,,,,,,,,,,,,,,,,,,,,,,,,,0.947368,7.684211,,,,,,,,,,,,,,,,,,,,,,,,,,,,,,,,,,,,,,,,,,,0.947368,,,,,,,,,,,,,,,,,,,,,,,,,,,,,,,,,,,,,,,,,,,1.526316,0.473684,7.526316,5.157895,,,1.421053,2.315789,,1.052632,,,0.473684,,,,,5.789474,,,,,,,,,,,,,0.263158,,1.473684,,,,,,,,,
      Zambia,8.842105,,,,,,,,,,,,,,,,,,,,,,,,,,,,,,,,0.578947,,,,,,,,,,,,,,,2.263158,,,,,,,,3.736842,,,,,,,,,,,,,,,,,,,,,,,,,,,,,,,,,,,,,,,,,,,,,,,,0.315789,,,,,,,,,,,,,,,,,,,,,,,,,,,,,,,,,,,,,,,,,,,,,,,,1.789474,,,,,,,,,,,,,,,,,,,,0.368421,,,,,,,,,,,
      Other Africa nes,,,,,,,,,,,,,,,,,,,,,,,,,,,,,,,,,,,,,,,,,,,,,,,,,,,,,,,,,,,,,,,,,,,,,,,,,,,,,,,,,,,,,,,,,,,,,,,,,,,,,,,,,,,,,,,,,,,,,,,,,,,,,,,,,,,,,,,,,,,,,,,,,,,,,,,,,,,,,,,,,,,,,,,,,,,,,,,,,,,,,,,
      Canada,542.315789,23.842105,14.421053,34.052632,,0.526316,20,8.894737,,38.052632,,,,1.210526,,0.684211,,0.368421,0.473684,1.052632,1,,3.157895,,0.263158,2.105263,10.052632,5.368421,22.578947,20.315789,,0.263158,0.315789,9.157895,,2.263158,,67.894737,18.947368,,2.631579,2.578947,0.894737,5.526316,,,,7.631579,0.526316,2.421053,2.842105,19.473684,17,,,134282.9474,162.473684,4.210526,20.368421,1257.736842,17.684211,609.315789,701.526316,490.105263,33,2774.473684,66,214,23.263158,186.315789,,33,2.789474,13.157895,1.052632,1.157895,,32.842105,111.526316,16,149.263158,5.894737,17.526316,4.315789,145.894737,48.842105,31.315789,133.473684,1.052632,,0.842105,,,2.421053,6.578947,6.315789,,288.736842,3462.736842,3.263158,8.736842,25.578947,,1.368421,27.526316,19.315789,1.157895,4.263158,98.631579,,0.789474,94.842105,127.631579,,30.894737,,0.578947,0.421053,,0.894737,,,2.210526,940.210526,364.526316,42.684211,949.263158,,133.578947,,,13.947368,49.052632,544.263158,142.421053,421.894737,145.210526,,,13.473684,,882.105263,460.947368,3794.421053,6810.736842,178.631579,587.526316,1783.736842,3427.157895,121.105263,944,5919.210526,,259.105263,618.894737,15.789474,528.894737,1731.052632,1996.052632,,,24.473684,,9.210526,11.105263,294.947368,29.789474,172.263158,94.947368,13.315789,,117.736842,158.105263,2405.631579,349.263158,,2.210526,,24.315789,18.684211,,,
      USA,29121.94737,613.578947,20.947368,619.315789,,88.473684,650.684211,888.526316,,81.263158,2.157895,5.052632,107.421053,65.157895,,208.736842,,7.263158,,83.210526,59.842105,7.684211,93.052632,,2.526316,21.315789,181.684211,26.684211,183.315789,360.947368,66.789474,90.105263,68.157895,13.736842,10.157895,229.473684,23.105263,47.684211,1214.473684,27.578947,109.210526,5.315789,0.421053,65.789474,48.263158,21.526316,11.210526,445.736842,16.421053,29.842105,86.105263,9.368421,71.315789,,600494.0526,15.263158,2086.684211,66.947368,,39764.84211,722.210526,51050.47368,22255.73684,20491.21053,2910.894737,219622.6842,5936.105263,8092.263158,2821.947368,22207.89474,,5267.263158,1734.842105,2627.315789,1023,604.684211,,2081.315789,1865.789474,326.684211,,1907.894737,830.421053,420.315789,1569.578947,1964.315789,694.368421,3040.157895,19.631579,,552.210526,0.684211,94.473684,79.631579,12880.47368,464.894737,,24554.21053,386951.7368,522.421053,796.842105,187.894737,128.368421,516.684211,1477.157895,446.210526,236.842105,297.526316,10297.78947,,283.842105,7349.052632,5707.736842,,231.263158,,25.315789,121.736842,2.631579,227.105263,26.789474,21.526316,397.894737,64774.31579,18385.05263,3832.526316,125367.2105,2.631579,53180.63158,14.684211,21.526316,604.105263,4554,374650.3684,92901.21053,62770.05263,24010,,7.368421,235.842105,,36081,21873.26316,138888.3684,256698.8947,5564.947368,42169.68421,72256.05263,139025.6842,5704.315789,40899.89474,304483.3684,,17051.89474,15333.10526,1215.526316,22018.47368,41192.94737,34257.26316,,21.789474,376.315789,,12.578947,474,4819.210526,156.052632,8068.526316,3378.789474,449.894737,,4225.421053,7816.736842,157720.5789,24781.52632,5,146.631579,397,322.315789,145.421053,0.421053,,
      Bermuda,,,,,,,,,,,,,,,,,,,,,,,,,,,,,,,,,,,,,,,,,,,,,,,,,,,,,,,3.684211,52.947368,,,,5.315789,,,,,,,,,,,,,,,,,,,,,,,,,,,,,,,,,,,,,,,0.894737,,,,,,,,,,,,,,,,,,,,,,,,,3.736842,,,,,,,,,,,,,,,,,,,,,,,,,,,,8.736842,,,,,,,,,,,,,,,,,,,,,,,,,,,,,,,
      Greenland,,,,,,,,,,,,,,,,,,,,,,,,,,,,,,,,,,,,,,,,,,,,,,,,,,,,,,,,,,,,,,,,,,,,,,,,,,,,,,,,,,,,,,,,,,,,,,,,,,,,,,,,,,,,,,,,,,,,,,,,,,,,,,,,,,,,,,,,,,,,,,,33.052632,0.736842,,,,,,,,,,,,,,,,,,,,,,,,,,,,,,,,,,,,,,,
      St Pierre Miqu,,,,,,,,,,,,,,,,,,,,,,,,,,,,,,,,,,,,,,,,,,,,,,,,,,,,,,,,,,,,,,,,,,,,,,,,,,0.631579,,,,,,,,,,,,,,,,,,,,,,,,,,,1.684211,,,,,,,,,,,,,,,,,,,,,,,,,,,,,,,,,,,,,,,,,,0.421053,49.894737,,,,,1.526316,,0.263158,,,,,,,,,,,,,,,,,,,,,,,,,,,,,,,,
      Argentina,,,,,,,,,,,,,,,,,,,,,,,,,,,,,,,,,,,,,,,,,,,,,,,,,,,,,,,23.052632,3715.368421,21.263158,,,,115.789474,755.421053,674.315789,122.263158,31.368421,397.421053,471.315789,68.052632,933.263158,44.105263,,20.473684,0.421053,9.789474,0.368421,0.263158,,,,,2.368421,0.526316,,1.368421,,,,,,,,,,,2.631579,,,59.842105,142.473684,,2.473684,,,5,,25.894737,,,1.421053,,,,12.368421,,,,,,,,,,,3.842105,,,0.789474,,8.894737,,,,0.473684,4.526316,0.263158,,3.473684,,,,,0.578947,1.157895,84.526316,162.421053,0.578947,0.631579,368.473684,10.631579,2.263158,310.894737,217.052632,,0.315789,,,,3,0.473684,,,,,,,,,,36.631579,0.736842,,,3.789474,2.789474,,,,,1.421053,,,,
      Bolivia,,,,,,,,,,,,,,,,,,,,,,,,,,,,,,,,,,,,,,,,,,,,,,,,,,,,,,,3.631579,13.894737,,,,5.842105,,,2.368421,,0.421053,,1.631579,3.157895,,,,,,,,,,,,,,,,,,,,,,,,,,,,,,,8.526316,,,,,,,,,,,,,,,,,,,,,,,,,,,,,,,,,,,,,,,,,,,2.368421,,10.631579,8.736842,,,9.894737,0.578947,0.263158,5.368421,5.263158,,12.052632,,,,,2.842105,,,,,,,,,,,,,,,0.263158,,,,,,,,,
      Brazil,65.210526,12.578947,,1.157895,,,5.736842,29.631579,,,,,3.947368,,,78.157895,,,,,1.526316,,,,,1.631579,,,32.684211,3.263158,,,,,,,1.842105,,141.894737,,,,,5.894737,,,,0.315789,3.421053,,,,,,232.157895,1388,0.842105,,,2103.157895,55.473684,,477.105263,137.526316,99.105263,541.105263,572.631579,79.578947,416.263158,339.105263,,8.368421,2.157895,2.473684,3.421053,4.263158,,,0.368421,,0.789474,11.157895,2.263158,,,1.368421,3.315789,1,,,,,1.473684,,33.631579,3.842105,,6.947368,1604.894737,,1.210526,,27.578947,,4.052632,,,,29.947368,,1.736842,4.473684,1.684211,,,,,,,,,,1.578947,35.368421,0.736842,21.736842,16.684211,,2.947368,,,,,26.052632,10.473684,11.263158,4.947368,0.421053,,,,18.947368,13.421053,377.052632,1753.473684,7.736842,2.263158,292.842105,114.473684,369.736842,346.894737,424.315789,,14.894737,8.578947,,4.263158,12.263158,70.842105,,,0.842105,,,,,,2.263158,,,,,1.526316,56.368421,2.947368,,,,,,,,
      Chile,,,,,,,,,,,,,,,,,,1.157895,,,,,,,,,,,,,0.263158,,,,,,,0.315789,,,,,,,,,,,,,,,,,93.842105,1342.105263,,,,1926.842105,309.894737,1189.105263,,773.736842,401.157895,309.105263,152.421053,649.210526,76.736842,154.842105,,24.736842,142.631579,36.315789,7.789474,4.789474,,,,,9.421053,15.315789,,,1,,,,,,,,,0.842105,26.631579,,,1.368421,19.263158,,,,,,,,,,,,,,,,,,,,,,,,,,,16.421053,,,,,,,,23.315789,19.263158,4.315789,,,,,,1.631579,,47.736842,67.263158,,,7.789474,6.210526,,48.526316,34.052632,,3.684211,0.578947,,,4.105263,5.631579,,,,,,,,,,7.368421,,,,,18.052632,,,,,,,,21.473684,
      Colombia,,,,,,,,0.526316,,,,,,,,,,,,,,,,,,,,,1.105263,,,,,,,,,,,,,,,,,,,,,,,,,,24.736842,2584.736842,,,,180.315789,83.421053,92.947368,350.947368,,1488.736842,264,34.526316,405.526316,2.789474,1649.368421,,108.947368,24.052632,48,3.473684,4.789474,,,,,2.315789,25.421053,0.578947,0.368421,,221.684211,,,,,,,,,1153.157895,,,1.736842,22.052632,,,,,,,0.473684,,,2.736842,,,,,,,,,,,,,,,,,,4.526316,,,,,,,,,,2.368421,,,,,1.210526,0.947368,36.842105,13.526316,,,56.368421,12.526316,,66.368421,22.263158,,3,,,0.894737,7.473684,97.842105,,,,,,,,,0.421053,,3,,0.368421,5.526316,2.894737,,,,,,,,27.684211,
      Ecuador,,,,,,,,,,,,,,,,,,,,,,,,,,,,,,,,,,,,,,,,,,,,,,,,,,,,,,,0.578947,24.736842,,,,,,,,10.105263,,,,2.315789,,0.263158,,,,,,,,,,,,,,,,0.263158,,,,,,,,,0.631579,,,,,,,,,,,,,,,,,,,,,,,,,,,,,,,,,,,,,,,,,,,,,,,2.631579,,7.842105,5.315789,,,2.210526,0.263158,,1.842105,1.526316,,,,,,,0.473684,,,,,,,,,,,,,,,,,,,,,,,0.421053,
      Mexico,19.263158,,,0.263158,,,,,,5.631579,0.684211,,,,,,,,,,0.684211,,,,,,0.684211,,,,,,,,,,,,,,,,,,,,,,,,,,,,5328.473684,227791.4211,,,,1055.526316,75.736842,1049.315789,1709.368421,1852.736842,266.473684,,203.684211,1351.421053,78.578947,750.578947,,929.473684,198.210526,657.631579,143.473684,44.526316,,,9.894737,,98.789474,113.684211,,,13.473684,1.578947,0.368421,6.578947,,,3.421053,,,,524.894737,,,,1348.263158,,0.315789,,,,,,,,6.578947,,,7,0.473684,,,,,,,,,,,111.894737,20.894737,,175.263158,,6,,,,0.894737,148.578947,4.947368,3.736842,2.315789,24.105263,,,,109.421053,11.736842,358.842105,784.105263,14.894737,774.052632,122.736842,459.473684,8.315789,736.526316,1672.736842,,95.315789,129.947368,,106.631579,329.052632,83.368421,,,,,,,0.421053,13.421053,13,53.210526,0.263158,,2.736842,15.947368,346.947368,3.578947,,,,1.263158,0.473684,,31,
      Paraguay,,,,,,,,,,,,,,,,,,,,,,,,,,,,,,,,,,,,,,,,,,,,,,,,,,,,,,,,3.105263,,,,8.526316,0.368421,25.842105,,,,,,,3.263158,,,,,,,,,,,,,,,,,,,,,,,,,,10.526316,,,,0.631579,,,,,,,,,,,,,,,,,,,,,,,,,0.421053,,,,,,,,,,,,,,,,,,,,,0.315789,,,,,,,,,,,,,,,,,,,,,,,,,,,,,,,,,,,,,,
      Peru,,,,,,,,,,,,,,,,,,,,,,,,,,,,,,,,,,,,,,,,,,,,,,,,,,,,,,,3.684211,164.947368,,,,10.684211,14.052632,5.210526,47.789474,2.368421,22.105263,18.157895,12.894737,,0.263158,5.421053,,0.421053,1.736842,1,,,,,,,0.263158,2.947368,,,,,,,,,,,,,1.947368,,,0.263158,72.052632,,,,,,,,,,,,,,,,,,,,,1.473684,,,,,,,0.894737,,,,,,,,,5.157895,,,,,,1.684211,0.789474,30.842105,16.894737,1.473684,,12,8.368421,0.421053,18.052632,16.368421,,2.631579,1.526316,,0.526316,6.105263,3.157895,,,,,,,0.421053,,2.052632,,,,0.789474,51.105263,2.789474,0.263158,,,,,,,0.315789,
      Uruguay,,,,,,,,,,,,,,,,,,,,,,,,,,,,,,,,,,,,,,,,,,,,,,,,,,,,,,,4.947368,86.578947,,,,165.789474,0.421053,80.473684,5.684211,3.789474,,3.526316,49.052632,1.157895,,,,,,0.315789,,,,,,,,,,,,,,,,,,,,,,,,,0.894737,,,,,,,,,,,,,,,,,,,,,,,,,,,,,,,,,,,,,,,,,,,0.684211,,0.789474,1.052632,,,0.894737,,,0.473684,0.947368,,1.105263,,,,,,,,,,,,,,,,,,,,,,,,,,,,2.473684,
      Venezuela,,,,,,,,,,,,,,,,,,,,,,,,,,,,,,,,,,,,,,,,,,,,,,,,,,,,0.315789,,,1.894737,1827.368421,,,,67,16.368421,8.315789,26.947368,292.736842,25.736842,63.473684,0.631579,56.263158,1.157895,,,8.578947,2.684211,3.210526,,0.736842,,,6.578947,,105.157895,4.052632,1,,6.526316,11.157895,12.631579,4.421053,,,12.315789,,,1.368421,59.578947,,,,2.578947,,,,,,,,,,,,,,,,,,,,,,,,,,,,,,,,,,,,,,,,,,,,,10.263158,17.842105,,,3.894737,,,14.578947,36.526316,,,,,,,2,,,,,,,,,,,,,,,,,,,,,,,,
      Laia nes,,,,,,,,,,,,,,,,,,,,,,,,,,,,,,,,,,,,,,,,,,,,,,,,,,,,,,,,,,,,,,,,,,,,,,,,,,,,,,,,,,,,,,,,,,,,,,,,,,,,,,,,,,,,,,,,,,,,,,,,,,,,,,,,,,,,,,,,,,,,,,,,,,,,,,,,,,,,,,,,,,,,,,,,,,,,,,,,,,,,,,,
      Costa Rica,,,,,,,,,,,,,,,,,,,,,,,,,,,,,,,,,,,,,,,,,,,,,,,,,,,,,,,,98.894737,,,,,9.210526,,,36.631579,2,31.736842,,0.263158,,2.473684,,,351,586.894737,179.052632,104.052632,,,,,,,,,,224.157895,,,,,,,,,497.052632,,,,,,,,,,,,,,,,,,,,,,,,,,,,,,,,,,,,,,,,,,,,,,,,,,,,,,,,0.263158,,,,,,,,,,,,,,,,,,,,,,,,,,,,,,,,
      El Salvador,,,,,,,,,,,,,,,,,,,,,,,,,,,,,,,,,,,,,,,,,,,,,,,,,,,,,,,,1.736842,,,,,,,,0.842105,,4.368421,,,,,,49,,87.263158,12.210526,29.210526,,,,,,,,,,,,,,,,,,,1.842105,,,,,,,,,,,,,,,,,,,,,,,,,,,,,,,,,,,,,,,,,,,,,,,,,,,,,,,,0.315789,,,,,,,,,,,,,,,,,,,,,,,,,,,,,,,,
      Guatemala,,,,,,,,,,,,,,,,,,,,,,,,,,,,,,,,,,,,,,,,,,,,,,,,,,,,,,,0.947368,17.263158,,,,0.421053,,,,,,2.631579,,,,,,541.210526,399.052632,,160.368421,91.526316,,,,,0.947368,,,,,,,,,,2.526316,,,,73.421053,,,,5.421053,,,,,,,,,,,,,,,,,,,,,,,,,,,,,,,,,,,,,2.421053,,,,,,,0.263158,,34.473684,,,,,,,,,,,,,,,,,,,,,,,,,,,,,,,,,,,,,,
      Honduras,,,,,,,,,,,,,,,,,,,,,,,,,,,,,,,,,,,,,,,,,,,,,,,,,,,,,,,,3.842105,,,,,,,,1.789474,,1.105263,,,,,,,0.368421,28.421053,,0.421053,,,,,,,,,,,,,,,,,,,,,,,,,,,,,,,,,,,,,,,,,,,,,,,,,,,,,,,,,,,,,,,,,,,,,,,,,,,,,,,,,,,,,,,,,,,,,,,,,,,,,,,,,,,
      Nicaragua,,,,,,,,,,,,,,,,,,,,,,,,,,,,,,,,,,,,,,,,,,,,,,,,,,,,,,,,2264.947368,,,,,,,,,,,,,,,,3.368421,0.578947,0.842105,0.263158,,,,,,2.736842,,,,,,,,,,,,,,,,,,,,,,,,,,,,,,,,,,,,,,,,,,,,,,,,,,,,,,,,,,,,,,,,0.315789,,,,,,1383.684211,349.157895,,,1.947368,,,,,,,,,,,,,,,,,,,,,,,,,,,,
      Cacm nes,,,,,,,,,,,,,,,,,,,,,,,,,,,,,,,,,,,,,,,,,,,,,,,,,,,,,,,,,,,,,,,,,,,,,,,,,,,,,,,,,,,,,,,,,,,,,,,,,,,,,,,,,,,,,,,,,,,,,,,,,,,,,,,,,,,,,,,,,,,,,,,,,,,,,,,,,,,,,,,,,,,,,,,,,,,,,,,,,,,,,,,
      Bahamas,,,,,,,,,,,,,,,,,,,,,,,,,,,,,,,,,,,,,,,,,,,,,,,,,,,,,,,13,90.157895,2.105263,,,,,14.421053,,,,2.421053,,,,,,,,,,,,,3.526316,0.368421,,,,0.263158,2.105263,0.578947,,4.105263,,,,,,,,,,,,,,,,,,,,,,,,,,,,,,,,,,,,,,,,,,,,,0.894737,,,,,,,,,,1,9.578947,0.263158,,,,,,,32.263158,,,,,,,12.473684,,,,,,,1.578947,,,,,,0.368421,18.947368,,,,,,,,,,
      Barbados,,,,,,,,,,,,,,,,,,,,,,,,,,,,,,,,,,,,,,,,,,,,,,,,,,,,,,,82.789474,67.631579,5.052632,,,,,,,,,,,,,,,,,,,,,10.526316,,,,,15.105263,,7,12.684211,100.473684,352.315789,,,1.947368,,1.631579,27.578947,,6.578947,,,,,,,,,,,,,,,,,,,,,,,,,,,,,,,,,,,,,,,,,,,,,,,,0.315789,,,,,0.315789,,,22.157895,,,,,,,,,,,,,,,,,,,,,,,,,,,,,,,
      Cayman islds,,,,,,,,,,,,,,,,,,,,,,,,,,,,,,,,,,,,,,,,,,,,,,,,,,,,,,,,10.052632,,,,,,5.947368,,,,,,,,,,0.421053,0.421053,,,,,0.368421,,,,,,,,,,,,,,,,,,,,,,,,,,,,,,,,,,,,,,,,,,,,,,,,,,,,,,,1.315789,,,,,,,,,,,,,,,,0.315789,,,1.052632,,,,,,,,,,,,,,,,2.105263,,,,,,,,,,,,,,,
      Cuba,,8.684211,,,,,,,,,,,,,,,,,,,,,,,,,,,,,,,,,,,,,,,,,,,,,,,,,,,,,1.210526,,,,,3.157895,1.473684,,,4.368421,,22.315789,,0.421053,,3.105263,,0.421053,,,,5.052632,,,,,,,0.578947,,,,,,,,,,,,,,,,8.631579,,,,,,,,,,,,,,,,,,,,,,,,,,,,,,,,,,,0.315789,,,,,,,,2,0.315789,17.105263,3,,,1.210526,1.842105,,35.631579,5.631579,,0.368421,,,,0.631579,,,,,,,,0.368421,,,14.315789,,,,,,,,,,,,,,
      Dominican Rp,,,,,,,,,,,,,,,,,,,,,,,,,,,,,,,,,,,,,,,,,,,,,,,,,,,,,,,3.263158,57.789474,,,,,,,,0.421053,,,,1.052632,,,,,,1.263158,,,,,,,,,,16.473684,,0.263158,,,,,,,,,,,,,,,,,,,,,,,,,,,,,,,,,,,,,,,,,,,,,,,,,,,,,,,,,,0.263158,,,,2.421053,,,,1.947368,,,,,,,,,,,,,,,,,,,,,,,,,,,,,,,
      Guadeloupe,,,,2.263158,,,,,,,,,,,,,,,,,,,,,,,,,,,,,,,,,,,,,0.473684,,,,,,,,,,,,,,,13.578947,,,,,,,,,,,,,,,,,,,,,,,0.473684,,,,28.105263,0.894737,,,0.736842,,,,,,38.210526,,,,,,,,,,,,,,,,,,,,,,,,,,,,,,,,,,,,,,,,,,,,,,,,,,,50.157895,,,,,,,,2.578947,,,,,,0.421053,,,,,,,,,,,,,,,,,,,,,,,,,
      Haiti,,,,,,,,,,,,,,,,,,,,,,,,,,,,,,,,,,,,,,,,,,,,,,,,,,,,,,,1.157895,290.789474,,,,,,,,,,,,,,,,,,,,,,,,,,1.052632,1.842105,,,,,,,,,,0.947368,,,,,,,,,,,,,,,,,,,,,,,,,,,,,,,,,,,,,,,,,,,,,,,,,,,,,,,,,,0.789474,,,,,,,0.315789,,,,,,,,,,,2.263158,,,,,,,,,,,,,,
      Jamaica,,,,,,0.315789,,,,,,,,,,,,,,,,,,,,,,,,,,,,,,,,,,,,,,,,,,,,,,,,,9.947368,147.578947,0.263158,,,,,,,,,,,,,13.684211,,,,,,,,1.157895,75.263158,1.157895,,,0.684211,,,1.052632,5.789474,170.526316,,,2.210526,,,61.157895,0.368421,4.210526,,,64.894737,,,,,,,,,,,,,,,,,,,,,0.263158,,,,,,,,,,,,,,,,,,,,,,,,6.052632,20,,,1.263158,0.578947,,,114.157895,,,,,,,1.578947,,,,,,,0.315789,,,,,,,,,,,,,,,,,
      Neth Antilles,,,,,,,,,,,,,,,,,,,,,,,,,,,,,,,,,,,,,,,,,,,,,,,,,,,,,,,,147.052632,,,,0.631579,,,,28.105263,0.368421,4.315789,,4.684211,,25.684211,,,,,,,,1.263158,0.263158,,,1.789474,,,,11.263158,4.842105,1.263158,,,,,,,0.631579,0.263158,,,49.052632,,,,,,,,,,4.894737,,,,,,,,,,,,,,,,,,,,,,,,,,,,,,,,,12.947368,,4.105263,,,,2,35.842105,,,1.315789,,,,,,,,,,,0.263158,,,,,,0.263158,,,,,,,,,,,,,26.894737,
      St Kitts Nev,,,,,,,,,,,,,,,,,,,,,,,,,,,,,,,,,,,,,,,,,,,,,,,,,,,,,,,3.315789,126.105263,,,,,,0.421053,,6.315789,,,,,,0.368421,,,,,,,,0.315789,0.421053,,,,5.789474,,0.421053,13.631579,29.578947,2,,,,,,,,,,,6.052632,,,,,,,,,,,,,,,,,,,,,,,,,,,,,,,,,,,,,,,,,,,,,1.473684,0.947368,,,,0.315789,1.157895,1,69.578947,,0.368421,,,,0.789474,0.578947,,,,,,,0.421053,,,1.105263,,,,,,,,,,,,,,
      Trinidad Tbg,,,,,,,,,,,,,,,,,,,,,,,,,,,,,,,,,,,,,,,1.105263,,,,,,,,,,,,,,,,32.368421,176.789474,,,,1.052632,,0.421053,,0.368421,,,,,,9.105263,,,,,,,,1.263158,11.473684,1.578947,,,,,7.578947,1.368421,32.736842,,,,,,,2.368421,,0.947368,,,12.736842,,,,,,,,,,,,,20.473684,,,,,,,,,,,,,0.578947,,,,,,,,,,,,,,,,,,1.368421,5.157895,5.105263,,,2.684211,6.052632,,,18.578947,,,0.315789,,1.263158,,5.105263,,,,,,,,,,,,,,,1,,,,,,,,1.894737,
      Turks Caicos Isl,,,,,,,,,,,,,,,,,,,,,,,,,,,,,,,,,,,,,,,,,,,,,,,,,,,,,,,,,,,,,,,,,,,,,,,,,,,,,,,,,,,,,,,,,,,,,,,,,,,,,,,,,,,,,,,,,,,,,,,,,,,,,,,,,,,,,,,,,,,,,,,,,0.526316,,,,,,,,,,,,,,,,,,,,,,,,,,,,,,,,,,,,,,
      Caribbean nes,,,,,,,,,,,,,,,,,,,,,,,,,,,,,,,,,,,,,,,,,,,,,,,,,,,,,,,,,,,,,,,,,,,,,,,,,,,,,,,,,,,,,,,,,,,,,,,,,,,,,,,,,,,,,,,,,,,,,,,,,,,,,,,,,,,,,,,,,,,,,,,,,,,,,,,,,,,,,,,,,,,,,,,,,,,,,,,,,,,,,,,
      Belize,,,,,,,,,,,,,,,,,,,,,,,,,,,,,,,,,,,,,,,,,,,,,,,,,,,,,,,,29.368421,,,,,,,,,,83.631579,,,,,,0.315789,,0.263158,0.263158,,,,,,,,,,,,,,,,,,,,,,,,0.736842,,,,,,,,,,,,,,,,,,,,,,,,,,,,,,,,,,,,,,,,,,,,,,,,,,,,,,,,,,,,,,,,,,,,,,,,,,,,,,,,,,,0.578947,
      Falkland Isl,,,,,,,,,,,,,,,,,,,,,,,,,,,,,,,,,,,,,,,,,,,,,,,,,,,,,,,,,,,,,,,,,,,,,,,,,,,,,,,,,,,,,,,,,,,,,,,,,,,,,,,,,,,,,,,,,,,,,,,,,,,,,,,,,,,,,,,,,,,,,,,,,,,,,,,,1.736842,,,,,,0.894737,,,,,,,,,,,,,,,,,,,,,,,,,
      French Guiana,,,,,,,,,,,,,,,,,,,,,,,,,,,,,0.631579,,,,,,,,,,,,0.263158,,,,,,,,,,,,,,,,,,2.315789,,,,,,,,,,,,,,,,,,,,,,,,5.157895,,,,,,,,,,,,,,,,,,,,,,,,,,,,,,,,,,,,,,,,,,,,,,,,,,,,,,,,,,,,,16,1.052632,,,,,,,,,,,,,,,,,,,,,,,,,,,,,,,,,,,,,2.578947,
      Guyana,,,,,,,,,,,,,,,,,,,,,,,,,,,,,,,,,,,,,,,,,,,,,,,,,,,,,,,,1.263158,,,,,,,0.315789,,,,,,,,,,,,,,,,,,,,,,,,,,,,,,,,,,,,,,,,,,,,,,,,,,,,,,,,,,,,,,,,,,1.105263,,,,,,,,,,,,,,,,,,,,,,,,,,,,,,,,,,,,,,,,,,,,,,,,,,,,,1.473684,
      Panama,,,,,,,,,,,,,,,,,,,,,,,,,,,,,,,,,,,,,,,,,,,,,,,,,,,,,,,,15.578947,,,,4,6.631579,45.315789,0.421053,29.894737,1.368421,72.526316,25.789474,7.421053,4.842105,12.315789,,39.210526,4.473684,3.052632,20.789474,5.052632,,,,,,,,,,6.052632,,,,,,,,,,,,,,,,,,,,,,,,,,,,,,,,,,,,,,3.368421,,,,,,,,,,,,,,,,,,,,0.526316,,,,,,,2.789474,,,,,,,,,,,,,,,,,,,,,,,,,,,,,,,,
      Suriname,,,,,,,,,,,,,,,,,,,,,,,,,,,,,,,,,,,,,,,,,,,,,,,,,,,,,,,,9.105263,,,,,,,,,,,,,,,,,,,,,,,,,,,,,,,,1.315789,,,,,,,,,,,,,,,,,,,,,,,,,,,,,,,,,,,,,,,,,,,,,,,,,,,,,,,,,,,,1.578947,0.368421,,,,,,,,,,,,,,,,,,,,,,,,,,,,,,,,,,
      Rest America nes,,,,,,,,,,,,,,,,,,,,,,,,,,,,,,,,,,,,,,,,,,,,,,,,,,,,,,,,,,,,,,,,,,,,,,,,,,,,,,,,,,,,,,,,,,,,,,,,,,,,,,,,,,,,,,,,,,,,,,,,,,,,,,,,,,,,,,,,,,,,,,,,,,,,,,,,,,,,,,,,,,,,,,,,,,,,,,,,,,,,,,,
      Israel,99.736842,,,,,,,0.947368,,,,,,,,,,,,,,,,,,,,,,1.894737,,,,,,,,,5,,,,,,,,,,,,1.526316,,,0.263158,140.105263,4397,,,,57.736842,,24.631579,79.526316,19.157895,0.315789,73.684211,,1.789474,3.631579,,,10.684211,0.368421,,,,,,,,,,,,1.105263,,1.631579,1.473684,,,,,,,0.631579,,,,522.421053,,47.631579,,,0.684211,,,,,,,,,17,,,,,,,,,,,93.263158,22.315789,1.894737,141,,,,,,0.842105,94.052632,14.894737,96.368421,8.052632,,,,,169.789474,94.157895,493.473684,1558.736842,109.947368,64.105263,176,994.157895,157.789474,87.842105,1385.631579,,77.052632,40.368421,,31.052632,54.263158,77.736842,,,0.842105,5.578947,,0.526316,5.578947,,5.684211,16.052632,9.684211,,2.578947,65.947368,107.684211,4.631579,,0.368421,,,,,2.157895,
      Japan,11098.94737,431.473684,3360.842105,231.052632,,41.421053,258.473684,2093.684211,,74.157895,0.894737,,26.789474,45.736842,,14.631579,6.263158,0.315789,,88.842105,18.105263,,56.578947,,64.105263,5.052632,72.052632,12.842105,232.473684,59.315789,37.473684,64.105263,19.894737,1.368421,4.894737,319.578947,51.578947,2.526316,3715.842105,1,721.105263,7.894737,,91.157895,79.368421,13.894737,,43.052632,36.473684,15.368421,61.421053,44.947368,22.157895,,63854,1077235.368,155.421053,,34.684211,8159.157895,161.052632,20549.89474,5647.842105,1363.578947,545.526316,25910.47368,2511.631579,1013.947368,904.631579,5185.842105,,679.684211,122.210526,620,129.842105,33.157895,,31.105263,150.263158,5.947368,312.684211,89.157895,860.842105,22.736842,82.842105,359.315789,56.894737,424.631579,,,94.526316,,193.947368,2.368421,3276.894737,63.842105,,5803.684211,,2170.052632,2163.473684,2776.894737,2967.842105,889.631579,14948.47368,2677.736842,2466.526316,2171.526316,29534.84211,,1631.263158,25236.21053,6732.684211,,361.526316,,734.789474,558.684211,2.052632,518.052632,443.684211,55.947368,1847.052632,151112.5789,3460.631579,14883.21053,65997.89474,119,31067.52632,379.421053,466.894737,1413.157895,11792.57895,197749.1053,49027.89474,95914.89474,47966.78947,1109.894737,59.578947,1475,,30232.68421,11677.31579,127136.8947,292181.0526,7757.263158,18622.63158,45470.26316,101874.6842,3401.894737,41939.84211,186057.3158,,17923.63158,12415.68421,577.842105,9118.631579,25127.47368,17999.21053,,85.578947,295.526316,,,860.684211,1760,58.842105,2284.842105,5520.368421,162.105263,,1930.105263,9275.578947,68138.21053,10937.1579,31.789474,362.263158,49.421053,782.894737,288.894737,1.210526,4.315789,
      Bahrain,,,,,,,0.421053,2.789474,,,,,,,,,,,,,,,,,,,,,,,,,,,,,,,,,,,,,2.473684,,,,,,,,,,,1.578947,,,,,,,,,,,,,,,,,,,,,,,,,,,,,,,,,,,,,,,,,,,,,0.526316,,,2.263158,3.157895,,10.631579,8.947368,83.157895,,0.789474,24.210526,,,,,,,,,,,,2.157895,,,0.473684,,1.315789,,,15.947368,,1.736842,,0.263158,,,,,,,,5.263158,2.315789,,,1.210526,0.789474,,0.789474,401.263158,,,,,,0.263158,0.684211,,,,,,,,,,,,,,,1.105263,,,,,,,,7,
      Cyprus,2.368421,,37.894737,1.947368,,2.526316,15.368421,50.105263,,,,,,,,,,,,0.736842,,,0.263158,,,,,,,,,,,,,,,,7.315789,,,,,,,,,1.789474,,,,,2.105263,,0.368421,15.157895,,,0.473684,,,1.894737,,,,2.736842,3.210526,,,,,25.421053,,,,,,,,,,,,,,,,,,,,,,,,,,56.526316,2.368421,2.315789,,3.473684,10.842105,6.842105,4.421053,446.631579,1.421053,5.578947,10.421053,,11.157895,30.894737,1.789474,,0.631579,,,,,,,,,0.368421,3.263158,,,,0.421053,,,,,0.421053,,0.684211,,,,,,1.263158,1.210526,27.473684,25.315789,232.421053,4.263158,16.421053,2.526316,,37.894737,92.368421,,2.526316,0.473684,,0.263158,,9.052632,,,0.947368,,,3.368421,98.473684,,7.894737,,15.684211,,14.157895,87,7.947368,,,,,,,,184.368421,
      Iran,188.052632,,,0.842105,,,,,,,,,,,,,,,,,,,,,,,,,,,,,,,,,,,,,,,,,,,,1.631579,,,,,,,83.894737,43.947368,,,,,,,,,,39.789474,,,,,,,,,,,,,,,,,,,,,,,,,,,,,,,,,22.368421,,,,,0.578947,15.263158,,0.473684,,,,,0.684211,9,,,,,,,,,,,1.684211,,,1.263158,,14.631579,,,0.578947,,0.789474,11.631579,,,,,,,,0.263158,3.263158,1.578947,,1.368421,0.368421,2.157895,,,67.947368,,145.210526,4.736842,,31.157895,19.315789,91.578947,,,1.473684,,,,36.263158,,1.631579,199.842105,,,0.631579,1.368421,1.263158,1.736842,,,,,,,,
      Iraq,,,,,,,,0.473684,,,,,,,,,,,,,,,,,,,,,,,,,,,,,,,,,,,,,,,1.736842,,,,,,,,6.526316,,,,,,5.368421,0.578947,,,,,,,0.421053,,,,,,,,,,,,,,,,,,,,,,,,,,,,,,1.631579,,,,,2.631579,,,,,,,,,,,,,,,,,,,,,,1.947368,,,,,,,,,,,,,,,,,,,1.052632,,,,,,,54.368421,,,,,,,,,,,,,,122.105263,,,,,,1.842105,,,,,,,,,,,
      Jordan,,5.473684,12,1.842105,,10.684211,4.473684,21.842105,,,,,,0.421053,,,,,,,,,,,,,,,,,,,,,0.526316,,,,,,,,,,,,,,,,,,,,0.473684,36.315789,,,,,,,,,,,,,,,,,,,,,,,,,,,,,,,,,,,,,,,,,,4.315789,0.526316,13.105263,3.684211,,20.210526,,27.578947,19.368421,25.263158,20.894737,54.631579,,19.157895,76.105263,,,8.842105,,,,,,,,,0.947368,,,1.473684,,4.736842,,,4.105263,,,,,,,,,,0.736842,2.789474,8.315789,13.631579,1.105263,,4.526316,4.631579,,,338.315789,,,1.368421,,,7.315789,2.210526,,,0.263158,,,,0.263158,,,9.315789,6.631579,,,1,0.263158,,,,,,,,91.947368,
      Kuwait,,0.263158,6.368421,41.578947,,3.736842,8.052632,180.052632,,,,,,,,,,,,,,,3.263158,,,,,,,,,,,,,,,,,,,,,1.842105,,,2.894737,,,,,,,,1.526316,56.421053,,,,,,,,1.684211,,,,,,,,,,,,,,,,,,,,,,,,,,,,,,,,,,,54.473684,182.473684,131.052632,473.631579,362.315789,145.842105,,374.210526,188.578947,137.789474,2832.315789,,9.105263,521.157895,2.736842,,71.368421,,1.157895,0.526316,,,,,1.842105,,23.421053,,56.368421,,0.736842,,,16.684211,4.947368,16.842105,2.157895,,,,,,,10.526316,,3.789474,6.947368,5.052632,,3.105263,1.631579,,3.736842,559.684211,,,,,,1.421053,3,,,,,,30,,,3.684211,0.315789,0.368421,,0.842105,2.368421,11.315789,,,,,,,,18.210526,
      Lebanon,0.263158,,47.210526,0.263158,,,1.578947,4.368421,,,,,,0.263158,,,,,,,,,,,,,,,1.894737,,1,,,,,,,,1.789474,,,,,1.315789,,,,0.315789,,,,,,,0.473684,109.789474,,,,,,,,,,,,,,,,,,,,,,,,,,,,,,,,,,,,,,,,,,,,1.842105,13.736842,,,24.315789,38.631579,,0.947368,3.578947,25.684211,,1.052632,12.789474,4.526316,,,,,,,,,,,,,,,,,,2.052632,,,,,,,,,,,3.421053,4,82.105263,8.894737,1.736842,,1.263158,14.684211,,,137.894737,,,,,0.842105,2.947368,18,,,,,,0.263158,,,,,65.421053,,1.894737,,8.368421,,,,,,,,,
      Oman,,,,,,1.631579,,9.526316,,,,,,,,,,0.368421,,,,,0.421053,,,1.842105,2.157895,0.947368,,,1.473684,,,,,,,,,,,,,,,0.894737,0.263158,,,,47.368421,,,,,2,,,,,,,,,,,,,,,,,,,,,,,,,,,,,,,,,,,,,,,,,,,20.473684,2.315789,1.421053,127.736842,,0.473684,6.368421,0.263158,,4.105263,5.631579,,,288.789474,0.315789,,6.263158,,,,,,,,0.263158,1.157895,0.263158,,,,,,,1.473684,,0.578947,,,,,,,,,,2.736842,0.315789,,,1.368421,2.368421,,,136.421053,,,,,,,,,,,,,,,,,,,,,0.631579,,,,,,,,,23.473684,
      Qatar,,,,,,,,0.947368,,,,,,,,,,,,,,,,,,,,,,,,,,,,,,,,,,,,,,,,,,,,,,,,,,,,,,,,,,,,,,,,,,,,,,,,,,,,,,,,,,,,,,,,,,,,11.421053,,,0.473684,1.052632,0.263158,0.789474,1.578947,,0.789474,,0.789474,63.789474,,,,,,,,,,,,0.842105,,,,,,,,0.578947,,,,,,,,,,,,2.526316,,,,,,,,50.315789,,,,,,,0.315789,,,,,,,,,,,,,,,0.263158,,,,,,,,,
      Saudi Arabia,5.473684,0.684211,3.052632,4.263158,,45.736842,6.263158,18.157895,,0.631579,,,,,,,,,,,,,35.684211,,13.473684,,,,,0.263158,,,,,,0.684211,,,,,0.473684,,,0.578947,,,5.210526,,,,,,,,6.315789,95.789474,,,,1.842105,,,,,,,,,,86,,,,,,,,,,,,,,,,,,,,,,,,,,,,,1.578947,43.631579,5.263158,,,46.368421,421.894737,,146.736842,43.157895,,,3.052632,79.526316,1.894737,,47.789474,,,,,,,,,35.315789,1.368421,,58.789474,,2.631579,,,,1.157895,14.105263,0.421053,,6.157895,,,,,35.631579,1.315789,18.736842,9.842105,0.368421,4.631579,15.947368,41.526316,,1.315789,1189.842105,,2.157895,0.368421,,,1.368421,13.052632,,,2.684211,,,,,,,0.263158,,,,,5.526316,,,,,,,,248.947368,
      Fm Dem Yemen,,,,,,,,,,,,,,,,,,,,,,,,,,,,,,,,,,,,,,,,,,,,,,,,,,,,,,,,,,,,,,,,,,,,,,,,,,,,,,,,,,,,,,,,,,,,,,,,,,,,,,,,,,,,,,,,,,,,,,,,,,,,,,,,,,,,,,,,,,,,,,,,,,,,,,,,,,,,,,,,,,,,,,,,,,,,,,,,,,,,,,,
      Syrn Arab Rp,,,4.473684,0.315789,,0.421053,,,,0.368421,,,,,,,,,,,,,,,,,,,,,,,,,,,,,,,,,,,,,,,,,,,,,0.684211,6.947368,,,,,,,,,,,,,,,,,,,,,,,,,,,,,,,,,,,,,0.315789,,,,,,3.421053,0.578947,,,,5.894737,14,2.263158,0.263158,2.578947,49.263158,,,10.631579,0.578947,,,,,,,,,,,,,,,,,,,,,,,,7.526316,,,,,,,4.789474,1.052632,1.052632,,,,,,4.368421,,,,,,,,,,,,,0.263158,0.315789,,,0.263158,32.842105,,,,0.526316,,,,,,,,,
      Untd Arab Em,21.368421,2.368421,2,6.842105,,0.789474,0.263158,196.526316,,,,,,13.315789,,5.157895,,,,,,,3.368421,,3.684211,,2.578947,67,,33.789474,,3.473684,1.315789,,,3.894737,8.526316,10.210526,,,,,,0.631579,24.894737,20.421053,,2.315789,15.842105,,48.105263,,,,19.210526,195.842105,,,,,,,,,,,,,,,,,,,,,,,,,,,,,,,,5,,,,,,0.947368,,,,,9.684211,39.315789,30.736842,,,29.578947,90.210526,0.736842,1007.947368,60.368421,224.105263,,6.263158,,17,,,,,0.263158,,6,,,5,541.894737,232.684211,,15.157895,,8.105263,0.473684,1.157895,130.263158,28.105263,138.052632,0.315789,,,,,,,136.684211,42.736842,23.684211,43.894737,4.368421,73.210526,5.684211,483.947368,49.263158,13.052632,1796,,50.315789,0.473684,,1.315789,39.421053,213.736842,,,9.789474,,,,8.105263,,1.052632,,8.842105,,,19.368421,18.789474,0.894737,,,,,,,,
      Turkey,71.263158,10.368421,25.052632,65,,0.315789,74.578947,32,,,,,,,,,,,,,,,,,,,0.578947,,,,2.578947,,,,,,,,,,8,,,1.315789,,,,,,,,0.736842,,,5.368421,3139.631579,,,,26.210526,,1.263158,21.210526,,,,,2.210526,0.578947,,,,,,,,,,,,,,,,,,,,,,,,,,8.052632,,,192.368421,203.789474,2.210526,32.052632,897.631579,105.052632,38.578947,105,12.052632,5.210526,5.631579,282.789474,,36.315789,195.368421,,,0.263158,,,,,,,,,5.631579,,,3.315789,7.210526,0.789474,,,,,66.368421,,1.263158,,,,,,1320.473684,182.736842,4605.421053,6682.736842,1391.421053,37.210526,2321.947368,974.157895,193.263158,1839.157895,2228.684211,,212.947368,84.315789,4.684211,25.105263,102.421053,232.315789,,,4.368421,,13.473684,478.421053,347.210526,,336.421053,374.631579,914.947368,,266.157895,8028.368421,160.210526,,,,,,,,879.421053,
      Fm Yemen,,,,,,,,,,,,,,,,,,,,,,,,,,,,,,,,,,,,,,,,,,,,,,,,,,,,,,,,,,,,,,,,,,,,,,,,,,,,,,,,,,,,,,,,,,,,,,,,,,,,,,,,,,,,,,,,,,,,,,,,,,,,,,,,,,,,,,,,,,,,,,,,,,,,,,,,,,,,,,,,,,,,,,,,,,,,,,,,,,,,,,,
      Yemen,,,,,,,,1,,,,,,,,,,,,,,,1,,,,,,,,,,,,,,,,,,,,,,,,,,,,,,,,1.105263,2.684211,,,,,,,,,,,,,,,,,,,,,,,,,,,,,,,,,,,,,,,,,,,,,1.526316,,,,,,,,,,5.315789,,0.578947,,,,,,,,,,,,,,,,,,,,,20.789474,,,,,,,,,,,,,10.842105,,1.210526,,,9.052632,,,,,,,4.684211,,,,,,,,,,,,,,,,,,,,,,,,
      Middle East nes,,,,,,,,,,,,,,,,,,,,,,,,,,,,,,,,,,,,,,,,,,,,,,,,,,,,,,,,,,,,,,,,,,,,,,,,,,,,,,,,,,,,,,,,,,,,,,,,,,,,,,,,,,,,,,,,,,,,,,,,,,,,,,,,,,,,,,,,,,,,,,,,,,,,,,,,,,,,,,,,,,,,,,,,,,,,,,,,,,,,,,,
      Afghanistan,,,,,,,,3.368421,,,,,,,,,,,,,,,,,,,,,,,,,,,,,,,,,,,,,,,,,,,,,,,,2.263158,,,,,,,,,1,9.368421,,,,,,1.736842,,,,,,,,,,,,,,,,,,,,,,,,,,,8.210526,,,,,,,,,,,,,,,,,,,,,,,,,0.578947,,0.263158,,,1.894737,,,1.315789,,,,,,,,,,0.578947,,770.105263,,4.421053,,1.631579,,,,,,,6.105263,,,,0.684211,,,,,,,,,,,,,1.578947,,,,,,,,,,,
      Bangladesh,0.368421,,,,,,,,,,,,,,,,,,,,,,,,,,,,,,,,,,,,,,,,,,,,,,,,,,,,,,4.789474,21.684211,,,,,,,,,,,,,,,,,,,,,,,,,,,,,,,,,,,,,,,,,,,,,,,,,,,,,,,,,,,,,,,,,,,,4.631579,,,0.736842,,11.526316,,,,,,,,,,,,,,2.210526,6.473684,9.789474,0.789474,,4.526316,7.105263,,22.789474,26.736842,,,1.578947,,1.263158,1,,,,,,,,,,,79.210526,0.263158,,,173.210526,12.263158,1.052632,,,,,,,,
      Bhutan,,,,,,,,,,,,,,,,,,,,,,,,,,,,,,,,,,,,,,,,,,,,,,,,,,,,,,,0.736842,,,,,,,,,,,,,,,,,,,,,,,,,,,,,,,,,,,,,,,,,,,,0.684211,,,,,,,,,,,,,,,,,,,,,,,,,,,,,,,,,,,,,,,,,,,,,,,0.578947,,,,,,,,,,,,0.947368,,,,,,,,,,,,,,,,,,,,,,,,,
      Brunei,,,,,,,,,,,,,,,,,,,,,,,,,,,,,,,,,,,,,,,,,,,,,,,,,,,,,,,,,,,,,,,,,,,,,,,,,,,,,,,,,,,,,,,,,,,,,,,,,,,,,,,,,,,,,,,,,,,,,,,,,,,,9,,,,,15.684211,,,,,59.789474,7.684211,,,,,2.052632,,,,36.526316,,,,4.736842,4.894737,0.368421,,52.684211,,,,,,,,,,,,,,,,,,,,,,,,,,,,,,,
      Myanmar,,,,,,,,,,,,,,,,,,,,,,,,,,,,,,0.263158,,,,,,,,,,,,,,,,,,,,,,,,,,,,,,,,,,,,,,,,,,,,,,,,,,,,,,,,,,,,,,,,,,,,,2.421053,,,,,,,,,,4.578947,,,,,,,,,,,,,,,,,,,,,,,0.315789,0.315789,12.947368,2.368421,,2.157895,,,,,,,,3.684211,,,,,,,4.263158,,,,,0.263158,0.421053,,,,,,,,,,,,,,,,,,,,,,,,,
      Cambodia,,,,,,,,3.210526,,,,,,,,,,,,,,,,,,,,,,,,,,,,,,,,,,,,,,,,,,,,,,,,5.210526,,,,,,,,,,,,,,,,,,,,,,,,,,,,,,,,,,,,,,,,,,,1.421053,,,,,,,,,0.368421,1.368421,,,,,,,,,,,,,,,,,,,,,,,,,0.368421,0.526316,,,,,,,,,,,,,,,,1.052632,,,,,,,5.368421,,,,,,,,,,,,,,,,,,,,,,,,,
      Sri Lanka,2.052632,,,,,,,,,,,,,,,,,,,,,,,,,,,,,,,,,,,,,,,,,,,,,,,,,,,,,,52.210526,292.473684,,,,,,0.526316,,,,0.263158,,,,,,,,,,,,,,,,,,,,,,,,,,,,,,,,1.105263,18.789474,,,,,,,,,,0.684211,,,2,0.526316,,,,,,,,,,,4.631579,,,218.105263,,0.842105,1.105263,,,0.947368,14.473684,1.421053,0.368421,,,,,,9.263158,,4.105263,17.684211,0.631579,1.368421,4.842105,2.052632,,15.789474,18.263158,,,0.263158,,2.263158,1.736842,2.052632,,,,,,,0.263158,,,,,,,,14.421053,,,,,,,,,
      Hong kong,3506.631579,81.473684,75.263158,890.578947,,3.157895,137.315789,883.105263,,77.684211,2.789474,,65.736842,26.947368,,66,,,,192.315789,9.894737,,15.736842,,12.473684,9.105263,124.263158,20.684211,494.473684,57.473684,14.157895,74.894737,37.684211,56.210526,14.105263,64.631579,35.315789,27.789474,6176.526316,2.210526,,7.894737,,92.631579,13.947368,14.894737,1.105263,38.421053,9.052632,54.105263,68.210526,0.947368,62.842105,41.052632,12239.36842,125814.6842,59.578947,,,809.526316,4.105263,2922.157895,1690.526316,107.052632,287.947368,1078.421053,2078.684211,194.842105,170.684211,566.947368,,74.263158,27.684211,111.684211,13.842105,10.315789,,,10.947368,,0.263158,15,,43.842105,5.473684,70.473684,2.263158,12,,,4.210526,,,1.473684,2407.631579,6.105263,,3000.263158,41381.21053,59.368421,263.157895,598.684211,10.421053,421.947368,211.473684,321.421053,79.368421,51.052632,1085.105263,,256.210526,2690.052632,713.368421,,5.736842,,86.421053,291.315789,2.631579,158.052632,165.578947,12.842105,289.105263,,3785.526316,6171.789474,7906.052632,8.631579,5217.578947,3.947368,763.631579,543.105263,3666.947368,24738.84211,4371,16284.05263,124766.0526,450.052632,5,2680,,4159.947368,927.052632,8579.263158,23718.21053,697.842105,1137.368421,6620.368421,7984.736842,524,5027.263158,27630.78947,,3444.421053,1283.894737,82.210526,517.947368,2232.157895,2307.684211,,6.263158,176.368421,,3.210526,73.263158,224.473684,2.684211,555.789474,911.894737,130.052632,,461.578947,4920.631579,13015.10526,1959.631579,15.684211,145.263158,8.894737,126.736842,202.526316,,4.631579,
      India,488.157895,,0.473684,1.578947,,0.473684,2,6.789474,,0.263158,2.157895,,,6.210526,,,,,,14.263158,,,1,,,,46.473684,,41.631579,80.315789,,1.157895,6.736842,3.789474,,322,,0.421053,177.473684,,7.157895,,,14.157895,,0.842105,,11.789474,,5.842105,21.210526,2.052632,49.421053,3.947368,528.210526,15089.05263,,,,32.894737,,8.578947,3.631579,3.421053,,21.684211,,,0.368421,4.631579,,,,,0.421053,,,,,,0.421053,,,,4.157895,,,45.526316,,,,,,0.842105,19.631579,16.263158,,42.631579,1315.210526,79.894737,4.105263,19.947368,46.473684,21.684211,80.210526,3.157895,61.842105,43.368421,164.894737,,6.315789,2064.263158,18.105263,,1.894737,,0.526316,47.263158,8.947368,,,,100.894737,8361.894737,,59.842105,489.578947,,252,15.736842,20.315789,5,68.947368,5847.052632,122.842105,773.526316,134.947368,92.684211,,15.526316,,394.842105,29.105263,680.684211,1610.789474,141.210526,36.578947,478.263158,675.368421,374.789474,383.684211,5637.736842,,179.315789,26.105263,,49.526316,97.210526,100.368421,,0.421053,0.315789,,,8.421053,49.315789,0.894737,397.473684,37.684211,34.105263,,48.526316,4792.894737,382.736842,59.684211,,78.894737,,1.842105,1.210526,,,
      Indonesia,45.631579,3.473684,1.894737,,,,,30.421053,0.631579,,,,,,,19.842105,,,,1.842105,,,,,1.526316,,2.894737,5.631579,,3.157895,,0.368421,,,17.421053,7.421053,,,481.105263,,3.157895,,,2.368421,,,,1.368421,,1.315789,,,,112.631579,586.842105,8806.052632,,,,69.947368,,142.631579,224.473684,9.947368,8.315789,115.631579,1.842105,,,1.263158,,,,24.684211,1.052632,,,,,,2.210526,,,,,1.473684,,,,,,,,1.210526,362.052632,,7.368421,,3869.315789,67.315789,14.157895,10.315789,4.736842,17.894737,115.263158,10.894737,11.526316,,1940.578947,,78.842105,1210.842105,61.157895,,96.526316,4.684211,,1.894737,,0.684211,,,68.210526,5335.105263,7.631579,1.052632,3913.157895,,1342.052632,,,7.210526,565.631579,7744.578947,791.736842,1065.105263,1404.789474,,,34.263158,,350.368421,323.315789,2613.631579,5712.368421,55.894737,140.263158,1607.263158,550.631579,28.368421,640.789474,5715.421053,,63,128.736842,,29,124.157895,18.842105,,,3.473684,1.631579,,,3.736842,9.105263,7,42.368421,15.631579,,1.789474,40.684211,1322.315789,291.368421,,,,,83.105263,4.052632,,
      Korea Rp,2137.157895,113.473684,235.578947,681.421053,,3.421053,163.947368,2318.315789,,51.894737,0.263158,,11.315789,34.894737,,1.947368,,,,175.157895,1.842105,,19.210526,,22.421053,5.578947,83.421053,22.842105,325.684211,217.947368,2.263158,51.368421,2.210526,2.578947,20,301.894737,1.947368,4.789474,2855.263158,,150.052632,,,99.789474,,80.052632,,9.894737,26.263158,169.631579,243.789474,,18.842105,,26007.68421,280636.1053,2.210526,4.894737,,2157.578947,13.789474,5929.894737,1864.105263,438.789474,120.631579,5183.894737,333.578947,865,110.526316,338,,66.894737,2.473684,115.210526,1.894737,4.263158,,15.368421,45.210526,,,3.894737,229.578947,0.263158,4.684211,1.789474,3.736842,35.947368,,,6,,28.894737,4.789474,1365.684211,,,1286.368421,86006.94737,383.473684,593.578947,405.052632,2.842105,678,3387.578947,1092.894737,493.789474,385.315789,11091.36842,,1080.263158,7059.947368,5832.263158,,74.263158,,44.736842,346.210526,,76.105263,454,,279.157895,62890.26316,1356.631579,3698.789474,,,6042.947368,2.789474,41.421053,3869.263158,817.263158,18118.10526,6341.210526,13553.47368,13118.42105,,7.631579,3282.631579,,4044.421053,2885.421053,27109.52632,31265.73684,2038.421053,5986.315789,13632.84211,9795.052632,1477.157895,10848.68421,44530.31579,,3567.947368,1948.947368,235,1908.789474,4635.263158,4470.947368,,1.421053,386.947368,,3.368421,239.473684,614.684211,,765.631579,1021.684211,358.105263,,421.684211,28245,17925.21053,4150.736842,10.473684,173.210526,0.894737,44.526316,62.052632,,1491.526316,
      Laos P Dem R,0.736842,,,,,,,,,,,,,,,,,,,,,,,,,,,,,,,,,,,,,,,,,,,,,,,,,,,,,,,1.052632,,,,,,,,,,,,,,,,,,,,,,,,,,,,,,,,,,,,,,,,,,,,,,,,,,,,,2.526316,,,,0.368421,,,,,,,,,,,,,,,,,,,,,,4.157895,,,,,,,,,1,,,,,,,,,,,,,,,,,,,,,,,,,,,,,,0.631579,,,,,,,,,
      Malaysia,218,,21.052632,0.526316,,,,6.578947,,0.263158,,,,,,,,,,,,,1.368421,,2,3.368421,,,,,,,,,,15.947368,,0.368421,4.842105,,,,,0.263158,,,,2.526316,,,16.052632,,,,380.315789,13214.94737,,,,41.263158,,246.263158,21.736842,3.526316,,92.210526,14.947368,,1,2.631579,,1.684211,,,,,,,,,,,,,,,,0.894737,,,,,,,10.368421,,,,5661.842105,40.526316,8.210526,23.947368,,6.526316,38.473684,116.105263,25.315789,11.052632,221.526316,,3.052632,340.421053,86.842105,,,,1.631579,4.315789,,73,35.315789,5.684211,15.368421,1892.842105,119,52.842105,294.105263,,,,0.315789,27.894737,84.105263,52265.63158,12187.05263,1401.631579,113.210526,,0.473684,114,,1295.684211,32.105263,2048.315789,2274.736842,18.421053,78.736842,599.894737,1782.210526,39.105263,454.421053,3098.842105,,234.631579,107.526316,0.263158,106.105263,230.105263,61.052632,,4.315789,3.157895,,,2.052632,39.947368,,28.578947,63.473684,2.684211,,1.947368,86.105263,1125.052632,93.210526,1.368421,0.947368,,,15,,,
      Maldives,,,,,,,,,,,,,,,,,,,,,,,,,,,,,,,,,,,,,,,,,,,,,,,,0.684211,,,,,,,,,,,,,,,,,,,,,,,,,,,,,,,,,,,,,,,,,,,,,,,,,,,0.315789,,,,,,,,,,,,,,,,,,,,,,,,,,,,,,,,,,,,,,,,,,,,,,,,,,,,,,,,,,,,,,,,,,,,,,,,,,,,,,,,,,,,
      Nepal,,,,,,,,,,,,,,,,,,,,,,,,,,,,,,,,,,,,,,,,,,,,,,,,,,,,,,,0.473684,0.684211,,,,,,,,,,,,,,,,,,,,,,,,,,,,,,,,,,,,,,,,,,,,,,,,,,,,,,,,,,,,,,,,,,,,,,,,,,,,,,,,,,,,,,,,,2.315789,,,,,,,0.263158,,,,,,,,,,,,,,,,,,,,,,,,,,,,,,,
      Pakistan,4.684211,,,,,0.578947,,0.263158,,,,,1.526316,,,,,,,,,,,,0.789474,,3,0.473684,,4.052632,3.105263,,,,,5.736842,2.368421,,,,,,,,,,,,2.421053,6.526316,42.421053,,1.789474,26.631579,22.105263,372.368421,,,,0.263158,,,0.947368,,,4.368421,,,0.789474,,,,,,,,,,,,,,0.263158,,,,,,,,,,,,,,,,16.736842,6.894737,2.789474,7,5.157895,1.842105,39.315789,1.473684,0.736842,3.157895,10,,0.263158,388.210526,4.736842,,,,,5.842105,,2.526316,,,1.473684,6.315789,1.684211,,10.421053,,2.631579,0.315789,1.052632,,,30.736842,1.684211,2.263158,0.526316,,,,,32.842105,10.947368,54.315789,111.736842,38,35.105263,12.842105,44.894737,0.526316,5.631579,330.526316,,1,,0.368421,5.421053,11.631579,5.052632,,,,,,,,,,,7.421053,,,0.473684,26.736842,2.052632,,1.052632,,,,9.947368,,
      Philippines,0.368421,,,,,,,,,,,,,,,,,,,,,,,,,,,,,,,,,,,,,,28.578947,,,,,,,,,,,,,,,,106.684211,2119.421053,,,,2,,0.578947,5.315789,4.526316,,11.421053,,,,,,,,,,,,,,,,,,,,,,,,,,,,,,,,0.631579,365.789474,,0.842105,,,,0.368421,,0.578947,,40.736842,,,8,1.263158,,,,,0.263158,,8.947368,,,,341.105263,2.473684,5.578947,8.473684,,50.421053,,,,,347.894737,12.736842,36.631579,13.526316,,,0.947368,,27.526316,18.210526,131,562.263158,,3.105263,99.105263,522.473684,0.894737,35.368421,977.473684,,14.947368,2.105263,,2.631579,43.473684,152.052632,,,,,,,0.631579,,0.263158,1.789474,,,1.105263,3.157895,55.842105,,,,,,,,,
      Singapore,3244.210526,77.263158,2.210526,39.736842,,24.315789,64.578947,431.315789,,32,,0.684211,2.736842,54.684211,,9.842105,,,4.105263,101.894737,4.684211,,48.631579,,261.052632,,30.315789,55.315789,80.947368,246.578947,683.473684,118.421053,0.263158,0.263158,,357,13.052632,,4142.684211,,47.210526,,,3.526316,87.473684,20.526316,,23.526316,20.526316,145.526316,25.894737,,1.157895,2250.894737,2748.210526,48617.89474,,,,532.473684,,1143.052632,832.421053,12.105263,2.789474,542.894737,70.631579,75.526316,64.947368,25.894737,,139,3.947368,86,,,,0.631579,,,51.631579,6.368421,2.789474,,1.578947,29.368421,,0.526316,,,,,,0.789474,512.789474,,73.894737,1505.263158,45277.1579,225.526316,201.052632,429.210526,22.578947,490,1230.578947,498.105263,289.526316,253.684211,8601.210526,,302.421053,7528.842105,501.736842,,191.315789,,419.894737,591.842105,15.157895,1593.210526,1724.578947,222.894737,1437.105263,40752.47368,13148.31579,2386.368421,8450.315789,20.526316,49082.26316,203.315789,2055.421053,1383.263158,6727.842105,,36199.68421,14027.1579,26727.84211,54.947368,38.052632,2589.421053,,736.263158,238,8379.052632,7064.631579,417.894737,6783.315789,3178.315789,7068.315789,321.315789,1208.736842,7719.157895,,682.105263,552.631579,1.421053,243.473684,476.421053,612.684211,,3.263158,50.263158,329.684211,,115.684211,213.736842,11.894737,8247.368421,363.421053,127.526316,,306.842105,4465.210526,21921.31579,2388.052632,27.368421,80.368421,5.631579,206.263158,337.842105,65.157895,,
      Thailand,152.052632,,0.894737,,,3.368421,2.894737,12.578947,,,0.526316,,68.894737,73.894737,,187.105263,,,,,4.263158,,1.210526,,,,0.368421,,,1,,0.736842,,1.789474,,5.473684,6.263158,15.052632,19.157895,4.789474,,,,2.157895,,6.631579,1.842105,,33.842105,,6.210526,,1.789474,,390.210526,15733.57895,,,,139.578947,0.578947,123.684211,21.263158,6.631579,6.842105,211.894737,1.263158,1.789474,4.631579,2.210526,,0.421053,0.263158,1.210526,,,,,0.368421,0.368421,,,,,,,2.157895,,,,,,,,3.526316,,,91.789474,15460.21053,24.789474,35.736842,16.894737,,2.105263,72.052632,7.210526,7.736842,,303.526316,,40,558.473684,12.947368,,,,3.789474,3.263158,2.368421,22.736842,385.157895,170.947368,22,2464.263158,136.210526,54.210526,173.684211,47.947368,1448.526316,2.578947,32.789474,55.789474,79.315789,22532.26316,,649.263158,691,1.789474,1.052632,29.578947,,1112.368421,111.368421,3080.052632,2940.315789,23.473684,1128.894737,1277.947368,3188.789474,32.947368,899.315789,2682.315789,,311.105263,142.736842,1,89.052632,220.894737,160.105263,,,,,,21.631579,14,0.947368,50.368421,40.526316,1.473684,,2.263158,17.684211,1410.789474,325.684211,0.631579,0.263158,,1.526316,8.052632,,27.473684,
      Taiwan,3449.789474,63.578947,51.631579,48.052632,6.578947,6.684211,84.684211,194.157895,,12.526316,,,0.578947,7.473684,,1.105263,,,,1,,,,,,,0.789474,0.315789,64.263158,10.105263,3.578947,3.052632,,,0.368421,113.421053,,,41.631579,1.052632,33.736842,,,2.157895,,,,15.894737,0.263158,1.263158,,,,,12018.47368,151391,,2.473684,,2038.526316,18.263158,2218.263158,635.894737,386.263158,379.157895,3092.210526,1428.526316,215,126.736842,560.578947,,379.842105,86.210526,333.368421,41.052632,100.526316,,,10.736842,,,4.578947,51.315789,,2.789474,0.947368,2.526316,37.578947,,,1,,10.210526,,237.263158,4.789474,,627.842105,35607.10526,84.473684,218.052632,0.894737,,33.736842,314.315789,23.210526,6.105263,27.421053,849.842105,,21.421053,162.578947,486.789474,,1.315789,,,9,,13.736842,,,40.105263,16932.42105,495.842105,1721.315789,5598.473684,,2914.315789,,4,83.894737,1176.473684,17196.94737,3505.368421,,9035.052632,,,,,1457.631579,1448.315789,11861.73684,31188.57895,687.684211,598.315789,8497.473684,9403.473684,828.684211,5586.789474,18562.26316,,1708.842105,962.894737,109.684211,1612.368421,2702.578947,2362.842105,,,204.157895,,,1.263158,450.894737,,283.368421,342.842105,18.947368,,275.421053,65.210526,8657.105263,1762,,16.736842,7.052632,9.157895,19.578947,,17,
      China,606.421053,70.210526,9.842105,186.368421,,1,93.263158,206.789474,,1.631579,2.052632,10.842105,,0.263158,,2.473684,,,,11.631579,5.368421,,0.631579,,0.894737,0.789474,41.526316,11.157895,13.947368,5.210526,16.210526,17.684211,,,2.526316,50.631579,,2.157895,530,2.421053,25.684211,,,4.052632,1.315789,9.789474,,5,6.052632,2.052632,2.578947,,1.315789,,4035.578947,72263.10526,,,,672.052632,23.631579,1899.052632,613.736842,51.631579,55.894737,563.578947,66.210526,99.210526,39.263158,261.157895,,6.105263,14.526316,22.684211,9.631579,1.368421,,,0.631579,0.631579,10.894737,3.157895,8.789474,4.263158,0.526316,2.368421,4.105263,1.736842,,,0.526316,,0.263158,0.842105,41.157895,2,,154.894737,33197.10526,18.210526,65.684211,66.315789,7.473684,47.894737,135.157895,119.368421,9.789474,9.684211,295.473684,,247.421053,609.315789,640.526316,,,,3.263158,22.789474,,2.631579,20.684211,4.157895,146.736842,113546.1053,308.894737,1758.473684,6604.526316,14.631579,1472.736842,,27.263158,88.736842,157.052632,5132.789474,1086.526316,2147.263158,,30.578947,19,145.631579,,659.789474,260.789474,4623.842105,9042.210526,471.842105,408.421053,3208.052632,1554.157895,332.789474,2736.842105,7857.526316,,827.263158,297.736842,13.684211,134.315789,561.210526,261.421053,,28.842105,43.315789,,3.789474,25.368421,192.578947,0.315789,90.631579,513.315789,195.421053,,81,4642.473684,4985.105263,597.210526,3.052632,10.105263,,9.105263,84.421053,,,
      Korea D P Rp,,28.263158,,,,,0.368421,,,,,,,,,,,,,,0.526316,,0.421053,,,,1.105263,,,,,9.684211,,,,2.315789,,,29,,0.368421,,,3.263158,,,,,0.473684,,,,,,,,1.157895,0.368421,,4.736842,1.052632,46.684211,12.315789,38.736842,16.210526,7327.631579,,9.421053,2,,,38.315789,,15.105263,,1.315789,,,0.526316,,,,16.368421,,1.210526,,,5.421053,,,,,,,,,,,468.789474,1.210526,88,,,0.631579,,,,,53.736842,,14.684211,,84.684211,,,,,18.631579,,,,,,34.421053,45.157895,20.684211,,,56.736842,,,,,58,,,23.631579,,,,,,7.473684,96.894737,32.315789,16.210526,29.263158,51.894737,,0.263158,71.368421,13.263158,,7.894737,,3.473684,3.105263,14.421053,4.736842,,,7.789474,,,6.052632,31.052632,,3.157895,122.894737,21.421053,,61.842105,146.684211,0.684211,,,0.631579,,,0.315789,,,
      Mongolia,,,,,,,,,,,,,,,,,,,,,,,,,,,,,,,,,,,,,,,,,,,,,,,,,,,,,,,,,,,,,0.263158,,,,,,,,,,,,,,,,,,,,,,,,,,,,,,,,,,,,,,4.947368,,,,,,,,,,,,,,,,,,,,,,,,,,,,,,,,,,,,,,1.052632,,,,,,,,,,,,,,,,,,,,,,,,,,,,,,,,,,,,,6.263158,,,,,,,,,
      Vietnam,1,16.157895,,,,,,,,,,,,,,,,,,,,,,,,,,,,,,,,,,,,,,,,,,,,,,,,,,,,,9.315789,59.210526,,,,4.052632,,1.631579,1.421053,,,,,,,,,,,,,,,,,,,,,,,,,,,,,,,,,,,,64.842105,,,,,,,,,,,,,,,,,,,,,,,,,25.526316,,2.368421,11.105263,,50.894737,,,,5.368421,21.842105,,,1.368421,,,,,0.315789,,58.421053,247.368421,0.894737,,6,5.684211,,12.894737,62.473684,,2.473684,3.578947,,0.684211,,0.842105,,,,,,,3.789474,,,1.578947,0.789474,,,,6.157895,0.789474,,,,,,,,
      Asia cpe nes,,,,,,,,,,,,,,,,,,,,,,,,,,,,,,,,,,,,,,,,,,,,,,,,,,,,,,,,,,,,,,,,,,,,,,,,,,,,,,,,,,,,,,,,,,,,,,,,,,,,,,,,,,,,,,,,,,,,,,,,,,,,,,,,,,,,,,,,,,,,,,,,,,,,,,,,,,,,,,,,,,,,,,,,,,,,,,,,,,,,,,,
      Belgium-Lux,637.052632,195.421053,26.736842,157.894737,,39.105263,227.526316,50.789474,,26.210526,0.736842,0.263158,33.789474,12.263158,,18.894737,,59.421053,1.157895,412.210526,2.421053,1.473684,3.736842,,1.842105,3.736842,19.210526,22.736842,29.263158,23.526316,0.947368,4.578947,0.736842,6.368421,1.210526,8.684211,0.263158,4.947368,50.052632,4.421053,51.789474,50.421053,,30.789474,0.578947,5.210526,0.368421,32.789474,5.263158,1.421053,3.578947,4.052632,7.631579,,1111.736842,6119.789474,,,,289.789474,10.368421,263.263158,121.473684,165.473684,14.789474,203.263158,3.105263,74.947368,17.368421,113.894737,,2.736842,4.210526,9.421053,2.157895,0.631579,,2.631579,3.631579,1.315789,3.105263,,69.578947,0.684211,8.105263,0.368421,1,10.052632,,,,,3.052632,5.894737,30.210526,16.947368,,1209.105263,1840.684211,44.473684,126.578947,42.157895,17.526316,13.315789,58.052632,25.526316,24.736842,14.894737,187.526316,,2,193,786,,1.684211,,,1.315789,,0.894737,,,1.526316,802.736842,157.947368,9.526316,1019.684211,,168.105263,,,43.105263,53.368421,399.894737,100.842105,1028,177.368421,,,0.315789,,,2869.842105,41514.21053,59568.42105,2903.263158,1715.157895,26512.31579,61222.94737,2220,14572.84211,42896.26316,,4313.894737,5606.789474,57.157895,2145.894737,5587.421053,10363.47368,,9.105263,144.105263,,1.947368,276.631579,2039.842105,36.421053,1668,1498.947368,162.368421,,736.684211,2853.578947,1311.526316,95.210526,0.473684,0.684211,,51.842105,2.684211,,89.842105,
      Denmark,529.421053,44.210526,45.473684,279.684211,,3.368421,30.947368,454,,,,,,,,3.368421,,4.421053,0.736842,24.315789,0.368421,,9.736842,,1.421053,,7.894737,0.315789,1.368421,12.526316,0.894737,0.315789,1.210526,0.368421,2,,2.578947,,13.105263,0.263158,0.842105,,,0.526316,,,0.315789,15.315789,1.894737,2.526316,8.263158,,18.263158,,415.684211,3461.684211,0.315789,1943.578947,0.263158,214,1.526316,282.315789,101.789474,311.947368,16.210526,294,27.842105,62.105263,11.105263,208.315789,,35.473684,1.210526,9.421053,5.473684,0.315789,,,,,,4.105263,,,,1,,0.263158,,,,,0.526316,,3.052632,,,1818.578947,862.526316,51.105263,193.421053,12.473684,8.842105,24.684211,116.157895,52.526316,18.631579,16.052632,421.105263,,0.842105,57.368421,916.210526,,1.736842,,,,,,,,,99.421053,103,1.263158,301.421053,,48.789474,,0.421053,108.052632,4.947368,56.947368,34.894737,86.315789,32.263158,1.789474,,2,,2378.842105,587.263158,9137.105263,27980.10526,1405.157895,1653.157895,8414.684211,8569.526316,1800.473684,3310.789474,20621.05263,,2142.842105,6917.578947,948.789474,11775.78947,19167,4241.842105,,131.789474,21.947368,,,24.421053,258.631579,11.210526,389.684211,310.842105,67.421053,,362.631579,493,386.105263,54.631579,,16.263158,,0.789474,0.263158,,4.736842,
      France,2733.736842,2553.052632,420.578947,3613.842105,,5.263158,1755.684211,464.947368,,1287.842105,112.157895,84.473684,610.578947,1338.052632,,153.421053,,56.578947,158.052632,168.526316,237.157895,16,31.631579,,385.315789,53.631579,224.631579,245.842105,2032.842105,130.368421,1.105263,459.736842,7.052632,349.631579,139.421053,382.473684,30.105263,221.105263,452.736842,105.157895,6297.578947,68.526316,6.263158,852.578947,40.421053,0.526316,1.684211,98.947368,306.842105,22.947368,5.526316,333.684211,21.684211,,7041.052632,45492.42105,0.315789,49.684211,106.789474,804.473684,49.684211,1272.947368,584.526316,221.315789,17.473684,1924.157895,11.052632,127.842105,79.315789,476.421053,,283.368421,0.263158,7.842105,2.421053,0.263158,,16.684211,2.736842,1.368421,65.736842,1.052632,5893.526316,33.052632,0.736842,24.789474,4.157895,3.368421,0.631579,,,,948.578947,0.315789,6.157895,0.263158,,1976.210526,25339.63158,37.052632,176.368421,362.105263,562,98.473684,354.157895,779.263158,59,43.473684,1139.631579,,170.368421,1628.157895,943.789474,,49.315789,,0.315789,5.105263,0.315789,6.842105,,9.210526,5.157895,2376.315789,1175.842105,203.368421,3311.894737,1.368421,290.684211,3.263158,,47.210526,38.315789,1761.842105,715.789474,1509.368421,928.052632,17.578947,5.105263,156.052632,,51434.52632,11709.94737,1347.578947,184659.7368,3681.210526,7363.421053,36439.36842,76917.36842,4788.157895,23244.78947,56685.47368,,6113.526316,3169.052632,183.631579,4426.842105,8051.052632,37986.73684,,6.368421,163.368421,,39.473684,94.789474,1429.631579,149.315789,874.578947,1497,324.842105,,936.631579,5598.473684,3081.842105,347.578947,,0.473684,0.526316,5171.684211,2.105263,,31.578947,
      Germany,7900.684211,568.368421,556.105263,800.526316,,29.105263,611,917.157895,,158.210526,10.052632,5.052632,26.578947,17.157895,,96.842105,,13.263158,,55.157895,18.421053,,68.789474,,13.368421,5.105263,116.789474,14.315789,108,102.052632,3.368421,15.526316,14.263158,7.473684,9.421053,142.842105,35.526316,21.157895,898.947368,9.210526,57.263158,36.736842,,26.842105,8.368421,4.947368,10.421053,71.263158,16.842105,14.421053,47,27.368421,24.789474,,13334.94737,159568.3158,19.736842,209.578947,10.315789,3217.210526,48.473684,10834.89474,1271.421053,1445,138.526316,3712.368421,133.736842,392.368421,152.315789,1548.578947,,155.947368,74.842105,238.421053,12.894737,4.368421,,53.210526,23.421053,,81.473684,21.894737,164.052632,4.157895,15.052632,63.263158,8.947368,23.421053,,,0.263158,,8.789474,,59.210526,10.263158,,5784.105263,61843.05263,138.368421,405.526316,2147.578947,216.473684,143.105263,728.578947,541.473684,142.947368,74.421053,2393.894737,,213.473684,1888.157895,9306.473684,,23.105263,,68.105263,15.052632,1.842105,27.842105,22.842105,0.263158,169.526316,10946.36842,3720.421053,547.263158,11548.31579,0.526316,1653.157895,1.736842,5.315789,164.578947,302.473684,11827.57895,12070.63158,6280.631579,2333.736842,295.631579,38.736842,210,,66381.68421,42182.1579,228836.4737,,9797.052632,17389.57895,113162.5263,152872.1579,11752.68421,64674.73684,198820.6316,,142657.5789,18243.47368,1427.842105,21508.94737,48875.26316,164031.8947,,21.684211,952.842105,,108.421053,2007.894737,23631.52632,,16623.31579,12862.05263,2063.736842,,11101.10526,24568.1579,17133.31579,3316.789474,1.684211,11.578947,3.736842,144,11.210526,,1185.368421,
      Greece,23.526316,6.947368,244,24.421053,,13.578947,11.578947,42.894737,,2.052632,,,,,,,,,,,,,0.947368,,,,,,,36.526316,3.052632,,,,,,,,12.684211,,,,,,,,,,,,,,,,113.578947,958.736842,,,,1.736842,,3.105263,0.263158,,,,,,,3.526316,,,,,,,,0.526316,,,,,,,,,,,,,,,,,2.684211,,,142.684211,48.421053,44.578947,2317.789474,6.631579,13.368421,44.947368,258.210526,116,61.526316,70.157895,540.052632,,33.210526,258.157895,81,,15.947368,,,,,,,,,14.736842,1.842105,,8.842105,,0.421053,,,,,4.526316,,1.263158,4,,,0.368421,,157.263158,25,313.736842,1265.210526,,286.526316,170.315789,276.210526,4,87.894737,1390.157895,,22.315789,88.315789,,5.263158,3131.736842,103.578947,,,61.736842,,76.210526,10.578947,2.736842,0.842105,9.421053,17.736842,183.263158,,39.210526,39.210526,432.894737,,,,,,,,7.105263,
      Ireland,11435.57895,101.842105,7.684211,447.631579,,0.684211,441.263158,463.736842,,3.684211,,1.368421,,3.421053,,30.473684,,4.894737,,,,,19.736842,,0.947368,1.105263,31.368421,0.263158,52.315789,33.894737,,5.947368,1.526316,0.842105,1.368421,73.105263,1.789474,,91.631579,1.578947,36.578947,2.052632,,12.210526,,40.105263,,228.052632,,6.263158,2.684211,0.789474,21.842105,,7255.842105,25425.63158,0.263158,2.526316,0.368421,474.105263,2.105263,1122.736842,316,62.157895,39.210526,1257.736842,2.421053,71.157895,13.578947,72.947368,,15.473684,269.473684,10.421053,,3.263158,,3.052632,2.105263,1.210526,,2.157895,1.368421,9.789474,3.894737,,18.210526,4.052632,10.842105,,,,,0.263158,87.684211,0.789474,,5161.947368,28291.31579,129.473684,285,3.947368,,18.263158,170.315789,59.368421,25.052632,20.421053,851.842105,,16.210526,2481.947368,3415.263158,,5.526316,,,1.684211,,8.263158,,,14.315789,1906,1018.315789,9.789474,2760.263158,1.368421,1148.947368,,,22.368421,70.578947,3726.631579,233.789474,1987.263158,258.631579,69.842105,,3.263158,,23762.63158,26465.31579,189240.5263,251431.0526,4073.263158,,79007.36842,77789.52632,9877.473684,43601.31579,349960.7368,,17545.52632,15626.73684,1013.315789,22123.94737,54893.73684,54589.68421,,3.105263,371.578947,,2.947368,232.210526,10298.78947,2.736842,5346.894737,9204.210526,1143.947368,,2692.736842,5709.473684,8828,1397.052632,,0.789474,,88.473684,0.947368,,5864.894737,
      Italy,1061.421053,421.105263,787.842105,114.157895,,7.578947,464.421053,350.631579,,26.684211,8.105263,0.368421,35.473684,7.947368,,106.473684,,3.157895,,7.473684,,,58.105263,,1.105263,3.947368,64.421053,12.894737,213.263158,45.894737,,41.684211,2.578947,7.578947,1.052632,9.526316,10.789474,,103.578947,8.210526,95.526316,1.684211,1.315789,72.368421,0.315789,,49.578947,11.684211,3.578947,8,20.157895,5.894737,4.368421,,3206.368421,30570.31579,0.473684,20.368421,1.631579,979.473684,24.473684,1004.736842,717.210526,88.526316,43.368421,631.052632,36.368421,133,31.736842,433.947368,,36,6.105263,36.157895,13.105263,10.789474,,2.368421,0.842105,,30.473684,16.789474,35.052632,1,0.315789,15.789474,3.368421,8,0.368421,,,1.631579,1.210526,4.157895,11.947368,11.473684,,2096.263158,9175.105263,44.526316,161.210526,60,124.842105,58.473684,216.368421,363.894737,10.947368,42.368421,416.789474,,83,239.210526,1572.947368,,20.631579,,4.105263,2.789474,,30.578947,,,17.789474,649.157895,108.421053,56.789474,3666.473684,0.631579,207.052632,3.578947,1.894737,35.473684,62.947368,1572.473684,298.105263,1201.789474,201.263158,58.315789,0.631579,37.947368,,6239.684211,4077.789474,41343.94737,52002.21053,3517,3256.894737,,20977.10526,3469.263158,12445,26952.47368,,6295.736842,3017.473684,161.578947,2890.947368,3851.315789,16240.78947,,9.631579,369.263158,,80.578947,99.894737,651.210526,214.894737,865.736842,1057.684211,230.526316,,2881.684211,933,3060.526316,304.631579,,0.315789,1,58.842105,2.947368,,428.789474,
      Netherlands,3621.263158,484.526316,148.526316,48.315789,,27.842105,185.263158,2183.578947,,20.157895,,,57.684211,80.736842,,156.631579,0.789474,9.789474,,5.526316,4.736842,6.947368,21.421053,,1.473684,1.315789,147.631579,32.263158,38.315789,43.894737,9.947368,9.842105,1.842105,0.684211,0.631579,5.526316,0.578947,2.157895,172.789474,5.842105,35.157895,4.157895,,7.315789,5.789474,2.473684,8.315789,37.736842,6.578947,12.842105,77.789474,0.842105,9,,2643.052632,46422.73684,3.421053,58.631579,,2187.578947,81,749.947368,680.105263,783.368421,515.947368,1088.526316,59.421053,418.842105,39.894737,2072.052632,,17.894737,39.894737,78.894737,6.052632,7.052632,,8.789474,16.473684,,4.315789,5,23.421053,,3.263158,223.947368,7.421053,482.526316,,,1.263158,,2.368421,10.210526,10.473684,57.263158,,4195.736842,10945.42105,130.578947,139.210526,772.105263,229.789474,152.368421,756.736842,72.421053,865.842105,629.736842,2764,,397.105263,2848.421053,1435.157895,,377.684211,,0.842105,11.473684,,149.947368,118.052632,,7.052632,2457.157895,600.315789,620.052632,1385.736842,,1219.947368,,0.368421,412.473684,119.421053,6700.578947,777.578947,823.526316,1187.210526,25.789474,0.315789,28.842105,,189803.7368,19997.05263,101727.3684,202929.8421,6502.210526,6118.210526,81725.36842,,9057.052632,45215.21053,177085.3684,,27045.21053,7356.894737,503.526316,14596.89474,27557.26316,46192.78947,,3.736842,125.894737,,23.368421,154.578947,3448.526316,137.736842,1307.210526,2252.421053,235.421053,,872.473684,1890.736842,5355.947368,886.842105,,2.631579,,18.473684,33.842105,,66696.57895,
      Portugal,10.157895,0.736842,,,,,,,,,,,,,,462.894737,,0.263158,,,,,0.368421,,,,2.210526,0.894737,,1.263158,,,1.157895,,0.684211,,216.315789,0.578947,5.315789,65.052632,,,,0.473684,,,,0.368421,,,,,,,140.526316,384.157895,,,,12.210526,,512.315789,0.263158,1.157895,1.631579,3.421053,,,,5.052632,,,,,,,,,,,1.052632,,,,,,,,,,,,,,,,,3.315789,37.684211,,,,,1.736842,,,,,,,,,2.315789,,,,,,,,,,,1.368421,,5.473684,0.368421,,,,,,,0.684211,0.578947,3,,,,,,183.578947,93.736842,298.368421,1766.473684,11.842105,175,164.684211,1418.105263,,1111.947368,680.578947,,57.421053,53.263158,,19.315789,129.526316,196.526316,,2.684211,0.894737,,,,10.631579,,2.105263,12.157895,,,,,23.526316,,,,,,,,13.105263,
      Spain,38.842105,186.210526,,269.947368,,,25.894737,108.157895,,2.105263,0.736842,0.894737,26.105263,0.631579,,71.736842,,,,9,1.578947,5.736842,0.263158,,,,0.473684,3.789474,22.421053,19.789474,0.473684,,,8.157895,72.368421,0.789474,,10.894737,7.368421,2.421053,2.105263,,,316.842105,,0.368421,,0.368421,8.473684,0.736842,,0.315789,,,217.894737,3677.473684,,,,2226.789474,33.263158,741.421053,1109.736842,1226.894737,395.052632,1080.263158,13.421053,480.368421,38.684211,401.052632,,115.631579,5.736842,26.684211,7.789474,7.105263,,1.105263,,,149.578947,46.368421,0.526316,,,3.684211,,1.210526,,,,,,0.368421,27.894737,,,542.842105,1544.631579,3.263158,43.368421,5.315789,0.736842,6.631579,8.526316,29.526316,2.368421,12.157895,72.263158,,3.684211,55.315789,465.842105,,,,,,,,,,1.473684,84.105263,9.157895,183.368421,192.315789,,36.526316,,,15.105263,4.526316,105.684211,30.789474,111.894737,29.263158,10.947368,,,,1664.684211,847.631579,12927.26316,8946.842105,628.842105,5264.473684,5019.894737,3108.684211,12838.1579,,6018.894737,,1111.368421,326.631579,29.526316,295.842105,642.789474,2060.157895,,39.894737,19.210526,,,78.052632,305.684211,56.578947,88.894737,328.631579,15.473684,,51.210526,205,292.263158,17.947368,,,,,,,17.789474,
      UK,13803.68421,390.315789,1075.052632,260.842105,,84.578947,276.421053,1167.684211,,55.842105,4.368421,0.473684,40.263158,61.894737,,102.894737,6.842105,17.684211,35.947368,21.842105,1.631579,,92.473684,,3,35.052632,462.947368,5.368421,102.421053,767.368421,27.368421,10.105263,154.368421,58.421053,14.421053,233.736842,43.526316,47.631579,1941.631579,8.157895,25,16.263158,19.315789,77.736842,102.894737,91,33.473684,542.421053,42.631579,138.157895,140,7,341.526316,,11362.21053,100258.2105,78.526316,116.526316,0.736842,1394.105263,46.631579,2147.578947,912.421053,436.210526,85.578947,2222.789474,41.263158,154.052632,85.631579,379,,21.789474,15.947368,39.789474,15.263158,10.315789,,92.105263,120.105263,14.842105,54.157895,6.157895,91.210526,8.526316,138.105263,18,194.105263,246.421053,0.526316,,17.578947,114.368421,29.684211,8.842105,27.789474,12.578947,,8510.894737,40939.42105,699.157895,1672.842105,869.578947,325.052632,862,1268.947368,380.052632,722.315789,390.578947,3543.842105,,147.315789,3294.315789,3611.947368,,123.894737,,24.631579,39.684211,1.894737,83.052632,74.789474,4,243.157895,7359.526316,4190.210526,307.526316,8300.842105,10.315789,2093.157895,66,12.789474,144.947368,137.789474,7654.473684,901.526316,3202.736842,961.684211,550.210526,2.631579,20.578947,,33598.52632,22753.52632,115566.6316,204472.1579,12613.84211,76848.05263,80569.42105,93863.63158,10005.31579,38931.84211,,,15764.21053,15843.52632,2414.052632,21137.68421,39914.94737,28803.68421,,470.315789,1996.894737,,16.368421,550.842105,3775.421053,85.473684,3237.052632,4052.105263,343.473684,,3158.842105,3828.263158,22231.31579,4391.157895,4.210526,87.631579,19,18.736842,28.368421,,34.157895,
      EEC nes,,,,,,,,,,,,,,,,,,,,,,,,,,,,,,,,,,,,,,,,,,,,,,,,,,,,,,,,,,,,,,,,,,,,,,,,,,,,,,,,,,,,,,,,,,,,,,,,,,,,,,,,,,,,,,,,,,,,,,,,,,,,,,,,,,,,,,,,,,,,,,,,,,,,,,,,,,,,,,,,,,,,,,,,,,,,,,,,,,,,,,,
      Austria,553.578947,10.368421,3.263158,9.315789,,0.894737,22.894737,25.473684,,9.684211,,,,,,0.315789,,,,,,,4.052632,,,,1.473684,,0.473684,2.947368,17.315789,0.315789,,,1.105263,0.631579,1,1.157895,7.473684,0.631579,1,,,0.842105,,,2.421053,8.736842,,0.263158,2.526316,1,0.684211,,669.736842,7746.210526,,,,55.947368,,129.894737,58,17.947368,3.315789,279.368421,0.631579,3.631579,7.631579,21.526316,,0.631579,,5.368421,,,,,0.894737,0.315789,5.526316,1.263158,1,,,3.578947,,0.736842,,,,,,,,,,184.842105,4577.473684,3.947368,33.421053,79.157895,12.736842,1.842105,27.842105,6.473684,2.210526,0.578947,240.684211,,12.947368,151.526316,556.947368,,,,,,,3,,0.631579,0.315789,378.526316,105.105263,124.157895,641.684211,,50.789474,,,15,3.684211,203.157895,37.736842,272.684211,51,13.368421,0.684211,3.631579,,4900.263158,2354.157895,36582.89474,81636.73684,724.315789,2738.631579,14365.10526,50282.10526,565.631579,5741.052632,47887.63158,,,2698.947368,306.105263,1956,4699.052632,12924.36842,,0.263158,47.578947,,9.631579,179.052632,3442.368421,101.210526,1987.526316,1805.526316,286.578947,,2868.789474,1321.263158,4791.631579,821.105263,,,,,0.263158,,,
      Finland,81,,,0.789474,,,3.947368,0.368421,,,,,,,,,,,,,,,0.263158,,,0.526316,,,,0.842105,,,,,,,0.263158,,,,,,,,,0.263158,,3.210526,,,3.105263,,5.052632,,78.052632,792.157895,,,,26.947368,,5.684211,6.157895,0.263158,,76.210526,,,,0.263158,,,,,,,,0.315789,,,,,,,,0.473684,,,,,,,,,,,,44.894737,135.315789,0.842105,1.789474,10.631579,1.210526,2.947368,9.526316,13.947368,,,4.263158,,,11.526316,17.684211,,,,,,,,,,1.947368,68.368421,653.473684,1.368421,36,1.105263,26.052632,,,16.578947,41,206.052632,194.157895,58.684211,198.578947,,,5.631579,,184,863.631579,1586.842105,3083.526316,29.210526,627.631579,1326.789474,907.736842,59.684211,588.263158,2413.157895,,349.263158,,12,901.105263,3842.210526,712.210526,,0.842105,4.421053,,,20.263158,1276.842105,,105.684211,476.842105,3.368421,,27.526316,4037.421053,384.368421,23.157895,,,,,,,,
      Iceland,1.052632,,,,,,,,,,,,,,,,,,,,,,,,,,,,,,,,,,,,,,,,,,,,,,,,,,,,,,5.052632,16.421053,,,,6.578947,,1,0.578947,,,,,,,,,,,,,,,,,,,,,,,,,,,,,,,,,,,,1.631579,,,,,,,,,0.315789,,,,,,,,,,,,,,,,0.947368,,,,,,,,,,,,,,,,,,1.894737,6.842105,1.789474,0.894737,,,0.315789,0.789474,,0.842105,5.947368,,,1.105263,,12.052632,1.421053,1,,,,,,,,,,,,,,0.736842,0.789474,0.473684,,,,,,,,
      Norway,30.894737,0.315789,,1.947368,,,2.894737,7.315789,,0.526316,,,,,,0.263158,,3.315789,,0.263158,1.421053,,5.736842,,,,2.578947,1.526316,1.368421,1.526316,3.684211,2,,,,,5.315789,,2.842105,,,,,,,,,79,,0.368421,11.473684,,1.842105,,148.052632,900.052632,,1.368421,,15.789474,,83.210526,2.157895,8.210526,0.368421,57.105263,,1.842105,,69.842105,,1.263158,,,,0.315789,,,,,1.526316,,,,,,,1.736842,,,,,,,21.947368,,,17.052632,332.157895,1.105263,4,35.105263,,0.894737,2.526316,2,0.315789,0.789474,9.894737,,,23.736842,27.421053,,,,,2.157895,,0.368421,,,,66.368421,85.473684,44.473684,211.526316,,22.052632,,,1.789474,6.842105,71.473684,115.894737,177.473684,21.052632,11.789474,,,,222.157895,3178.157895,684.631579,1944.421053,96.263158,1063.210526,343.631579,1924.736842,86.473684,318,1745.736842,,102.736842,755.789474,123.473684,,7596.578947,211,,,0.526316,,,9.631579,55.631579,4.105263,121.105263,119.052632,2.105263,,44.842105,261.947368,106.210526,11.105263,,1.157895,,3.421053,,,,
      Sweden,770.684211,4,14.421053,25.894737,,,23.368421,1.473684,,,,,,,,2.789474,,1.894737,,,,,9.894737,,,10.473684,0.526316,6,,4.421053,,,,0.631579,0.315789,2.210526,8.105263,,10.473684,1.210526,,1.157895,,,,0.473684,,12.894737,,2.526316,15.526316,,11.052632,,426.526316,2753.315789,1.210526,11.421053,0.315789,241.736842,,61.210526,461.631579,131.526316,16.578947,202.894737,,2.368421,2.789474,90.789474,,3.526316,,,,0.894737,,,,,,,0.421053,,,,0.894737,0.473684,,,,,,,0.526316,,,155.789474,1857.736842,12.052632,20.368421,114.052632,1.052632,2.578947,31.736842,4.315789,45.894737,0.263158,58.684211,,1.052632,39.684211,156.578947,,,,,,,,,,18.578947,204,1024.526316,362.631579,1386.210526,3.894737,202.421053,,,1.368421,6.157895,212.421053,188.210526,562.315789,1414.157895,0.421053,0.368421,3.315789,,1055.263158,21946.1579,2597.315789,6781.578947,1179.315789,3315.684211,4363.105263,4745.157895,372.315789,624.157895,5741.473684,,615.736842,12754.63158,426.105263,28182.94737,,2440.842105,,13.263158,1,,0.421053,40.315789,89.315789,4.789474,229,178.578947,83.052632,,182.947368,1353.210526,296.894737,110.736842,,1.789474,,,,,,
      Switzerland,864.052632,104.526316,70.631579,248.947368,,0.947368,65.473684,95.842105,,4.526316,0.368421,0.947368,2.526316,8.421053,,3.315789,,6.315789,,5.789474,2.578947,,10.368421,,,,107.789474,2.789474,31.684211,27.947368,,2,1.263158,4.210526,2.894737,31.789474,0.526316,3.789474,57.578947,17.526316,14.157895,5.368421,1.736842,9.894737,2.789474,29.947368,9.684211,9.473684,,,8.684211,2,1.105263,,1225.578947,10154.68421,2.368421,,,83.210526,,159.684211,91.368421,321.421053,5.421053,384.421053,4.473684,22,10,58.842105,,6.105263,,6.736842,,0.842105,,1.263158,1.105263,0.263158,8.789474,4.105263,26.736842,0.526316,,67.263158,3.105263,1.368421,0.894737,,,,1.631579,1.210526,1.789474,0.684211,,3243.473684,5651,28.842105,64,709.684211,28.052632,38.210526,33.842105,17.368421,61.631579,278.368421,270.473684,,17.368421,327.052632,1206.473684,,143.473684,,3.894737,0.578947,6.421053,53.947368,0.947368,0.473684,25.421053,1138.684211,289.052632,21.368421,885.315789,1.368421,337.684211,0.684211,,16.684211,19.578947,468.368421,3328.368421,1856.368421,119.421053,0.263158,2.631579,3.526316,,5477.052632,1597.578947,19677.1579,61343.63158,1311.473684,2468.315789,14321.31579,8090.421053,1575.894737,5496.473684,17967.63158,,10093,1385.052632,85.631579,1180,3826.473684,,,20.789474,61.947368,,8.631579,281,1553.736842,221.947368,546.210526,1001.842105,365.315789,,1248.736842,829.157895,812.315789,116.947368,,0.526316,,2.684211,136.631579,,,
      EFTA nes,,,,,,,,,,,,,,,,,,,,,,,,,,,,,,,,,,,,,,,,,,,,,,,,,,,,,,,,,,,,,,,,,,,,,,,,,,,,,,,,,,,,,,,,,,,,,,,,,,,,,,,,,,,,,,,,,,,,,,,,,,,,,,,,,,,,,,,,,,,,,,,,,,,,,,,,,,,,,,,,,,,,,,,,,,,,,,,,,,,,,,,
      Gibraltar,,,,,,,,,,,,,,,,,,,,,,,,,,,,,,,,,,,,,,,,,,,,,,,,0.263158,,,,,,,0.263158,,,,,,,,,,,,,,,,,,,,,,,,,,,,,,,,,,,,,,,,,,,,,,,,,0.263158,,,,,,,,,,,,,,,,,,,,,,,,,,,,,,,,,,,,,,9.368421,11.789474,0.578947,21.947368,,,8.894737,6.105263,0.947368,9.526316,27.789474,,,,,,0.368421,,,,0.631579,,,,,,,,,,1,,,,,,,,,,,
      Malta,,,19.473684,,,,,,,,,,,,,,,,,,,,,,,,,,,,,,,,,,,1.368421,,,,,,,,,,,,,,,,,,2.157895,,,,,,,,,,,,,,,,,,,,,,,,,,,,,,,,,,,,,,,,,,0.736842,1.473684,,29.789474,,,,,,,,,,,,1.210526,,,,,,,,,,,,,,,,,,,,,0.684211,,,,,,,,104.210526,0.842105,2.631579,39.157895,,,72.842105,13.473684,160.421053,,51.421053,,0.368421,,,,,,,,,,,0.684211,,,,,,,,,,,,,,,,,0.368421,
      Other Eur nes,,,,,,,,,,,,,,,,,,,,,,,,,,,,,,,,,,,,,,,,,,,,,,,,,,,,,,,,,,,,,,,,,,,,,,,,,,,,,,,,,,,,,,,,,,,,,,,,,,,,,,,,,,,,,,,,,,,,,,,,,,,,,,,,,,,,,,,,,,,,,,,,,,,,,,,,,,,,,,,,,,,,,,,,,,,,,,,,,,,,,,,
      Albania,,,,,,,,,,,,,,,,,,,,,,,,,,,,,,,,,,,,,,,,,,,,,,,,,,,,,,,,,,,,,,,,,,,,,,,,,,,,,,,,,,,,,,,,,,,,,,,,,,,,,,,,,,,,,2.894737,,6.368421,,,,,,,,,,,,,,,,,,,,,,,,,,,,,,,,,,0.842105,,,2.736842,,,,0.368421,,0.789474,0.421053,,,,,,,,,,,,,,,,,3.947368,,,,,,,,,,,
      Bulgaria,27.421053,1.578947,0.263158,,,,2.368421,,,,,,,,,,,,,,,,,,,,,,,,,,,,,,,,1.105263,,,,,,,,,1.947368,,,,,,,10.684211,136.105263,,,,1.789474,,4.526316,0.578947,,,,,,,,,,,,,,,,,,,,,,,,,,,,,,,,,,,40.947368,11.263158,,2.157895,,,2.736842,,0.526316,,,,,0.315789,0.315789,24.315789,,,,,,,,,,,,2.789474,,0.894737,,,,,,,4.578947,8.631579,,24.473684,,,,,405.684211,53.421053,131,1440.473684,93.263158,9.578947,144.947368,67.052632,7.947368,212.578947,215.052632,,186.894737,3.052632,,17.684211,12.842105,8.736842,,,2.368421,,8.789474,,3718.684211,,1.105263,157.526316,65.684211,,163.157895,602.315789,0.947368,0.315789,,,,,,,7.736842,
      Fm Czechoslovak,5996.315789,6.684211,0.263158,3.263158,,,9.736842,11.684211,,,,,,,,2.368421,,,,,0.421053,,,,,,1.789474,12.947368,,1.052632,,,,,,6.473684,,,0.736842,,,,,3,,1.105263,2.684211,,,,,,,,843.842105,4477.789474,,,,17.894737,,30.315789,9.368421,11.789474,26.105263,293.368421,,4.526316,0.368421,20.684211,,11.947368,,3.578947,1.157895,,,,,0.578947,35.157895,,0.684211,,1.157895,0.368421,,,,,,,,,,,,77.157895,670.421053,2,172.578947,5.210526,,6.052632,3.947368,32.473684,2.052632,,3.421053,,26.578947,35.894737,82.684211,,,,,,,,0.789474,,,364.052632,3,54.736842,272.368421,,563.263158,,,,,256.894737,143.947368,541.789474,36.105263,0.421053,2.842105,20.368421,,501.263158,138.263158,3756.894737,10351.05263,542.736842,325.157895,3087.947368,3017.578947,366.631579,3442.473684,3003.315789,,2177.789474,368.894737,20.105263,548.315789,488.315789,1008.631579,,,87.052632,,40.368421,216.894737,4839,2131.789474,1299.210526,2140.105263,241.526316,,2707.789474,8807.315789,343.526316,106.578947,,,30.789474,,,,1989.368421,
      Fm German Dm Rp,,58.578947,,,,0.631579,,20.421053,,,,,,,,,,,,,,,0.368421,,,,,,0.263158,0.526316,,0.421053,,,,,,,,,0.842105,,,1.473684,,,,,0.578947,,,,,,168.736842,702.631579,,4.052632,,20.105263,0.263158,5.631579,6.210526,16.947368,27.315789,10.421053,,,,,,,,2.473684,9.157895,,,,,,70.157895,,6.947368,,,,,,,,,,,,,,,,666.894737,,16.052632,,,4.947368,5.736842,,,0.473684,1.842105,,7.894737,1.736842,0.526316,,0.421053,,,,,,,,,19.210526,,1.157895,,,5.052632,,,,,50.842105,13.842105,,,,,,,310.736842,353.894737,3715.473684,,251.736842,53.684211,2455.894737,1196.894737,45.368421,960.263158,2055.631579,,286.473684,656.263158,13.578947,735.684211,722.526316,431.210526,,,2,,,,1066.473684,,,1774.315789,,,1350.684211,,273.263158,14.105263,,,,,,,,
      Hungary,40.157895,19.210526,,,,,3.263158,1.052632,,,,,,,,,,,,,,,,,,,,,,,,,,,,,,,0.368421,,,,,0.842105,,2.263158,,,,,,,,,45.842105,970.368421,,,,12.578947,,65.526316,4.421053,0.947368,0.368421,21.421053,,6.052632,0.684211,1.368421,,0.473684,,,,,,,,,,,,,,,,,,,,,,,,,,25.157895,143.052632,,7.315789,3.315789,,0.578947,0.842105,,,,2.105263,,0.842105,12.210526,31.894737,,,,,,,,,,,31.421053,2.947368,0.263158,71.157895,,,,,1.789474,,23.368421,2.631579,9.789474,6.210526,,,2.789474,,187.578947,46.210526,639.684211,6339.052632,88,115.526316,606.421053,311.736842,67.894737,210.578947,494.105263,,440.368421,95.684211,15.578947,104.842105,194.315789,460.842105,,,2.421053,,1.894737,4.578947,667.789474,,,499.578947,164.842105,,410.263158,71.315789,121.210526,44.368421,,,,,,,28.842105,
      Poland,,0.631579,,,,,,0.368421,,,,,,,,,,,,,,,,,,,,2.421053,,,,,,,,,,,2.315789,,,,,,,,,,,,,,,,116.210526,3309.473684,,,,0.631579,,1.684211,,0.578947,0.684211,1.526316,,,,0.684211,,3,,,,,,,,,51.526316,,,,,,,,,,1081.315789,,,,,,,2.842105,235.210526,,10.842105,7.894737,,18.210526,,14.789474,0.421053,,,,,1.736842,34.526316,,0.368421,,,,,,,,,55.631579,2.105263,,3.263158,,45.105263,,,,,9.684211,5.947368,36.368421,133.263158,1.105263,,0.315789,,206.789474,330.473684,1507.473684,3292.473684,28.315789,420.526316,558.210526,658.368421,17.210526,270.894737,646,,118.210526,59.684211,0.368421,17.210526,161.052632,808.157895,,,,,1.157895,60.105263,795.105263,192.526316,297.631579,,147.105263,,263.789474,6966.315789,34.526316,,,,,,,,631.947368,
      Romania,,,,,,,,1.052632,,0.789474,,,,,,,,,,,,,,,,0.315789,,,,,,,,,,,,,,,,,,,,,,,,,,,,,68.263158,1416.368421,,,,0.315789,,,,,1.157895,,,,,,,,,,,,,,,,,,,,,,,,,,,,,,,,,57.578947,30.315789,,,,,,,0.473684,,,,,0.263158,,0.789474,,,,,,,,,,,3.578947,,,3.157895,,0.263158,,,,0.473684,,,,7.894737,4.631579,,,,15.157895,4.789474,341.052632,404.789474,27.894737,50.368421,243.315789,267.631579,4.947368,75.210526,929,,15.157895,2.631579,0.263158,6.052632,17.526316,12.789474,,,,,12.526316,17.473684,9.105263,,3,54.473684,,,2.052632,104.631579,25.421053,,,,,,,,2.368421,
      Fm Eur cpe nes,,,,,,,,,,,,,,,,,,,,,,,,,,,,,,,,,,,,,,,,,,,,,,,,,,,,,,,,,,,,,,,,,,,,,,,,,,,,,,,,,,,,,,,,,,,,,,,,,,,,,,,,,,,,,,,,,,,,,,,,,,,,,,,,,,,,,,,,,,,,,,,,,,,,,,,,,,,,,,,,,,,,,,,,,,,,,,,,,,,,,,,
      Fm Yugoslavia,,0.263158,,,,1.578947,,,,,,,,,,,,,,,0.947368,,,,,,,,,,,,,,,,,,,,,,,,,,,,,,,,,,44.157895,156.105263,,,,0.263158,,,,,,1.052632,,0.473684,,,,,,,,,,,,,,,,,5.421053,,,,,,,,,,,,,3.052632,19.263158,,2.210526,0.473684,5.210526,,,,,,,,1.210526,0.263158,26.842105,,,,,0.315789,,,,,,,0.368421,,0.947368,,,,,,,3,,0.368421,0.578947,,,,,3.105263,3.947368,173.263158,1266.631579,0.789474,43.526316,169.105263,64.526316,1.210526,7.894737,80.210526,,306.473684,0.842105,,2.842105,19.736842,101.947368,,,,,3.052632,145.736842,89.105263,1.526316,495.315789,59.315789,68.315789,,735.210526,643.421053,57.105263,0.894737,,,,,,,,
      Fm USSR,17.052632,5.526316,,2.736842,,,2.842105,14.578947,,0.263158,,,,,,,,,,,,,7.842105,,,,4.052632,,,,,1.631579,,3.473684,,0.263158,,,14.842105,,,,,0.631579,,,,,,,,,,,154.578947,2241.210526,4.157895,,,6.105263,,8.894737,1.947368,,5.368421,5,,,,2.210526,,0.263158,,,,0.736842,,246.789474,,,13.842105,,0.631579,,,,27.526316,,,,2.052632,,,,,,,255.526316,422.736842,,616.578947,16.894737,,10.578947,4.210526,,,,,,64.157895,78.894737,135.157895,,1.894737,,,,,,,,0.789474,73.210526,124.526316,1.842105,55.052632,,7,,,4.578947,,71.368421,77.105263,2.105263,1177.894737,55.263158,2.105263,15.473684,,921.684211,41.947368,880.052632,4229.315789,238.789474,109.736842,581.947368,1136.789474,2.736842,532.894737,560.315789,,146.789474,451.421053,3.684211,22.105263,120.052632,188.315789,,4.631579,1.421053,,1.105263,29,4189.210526,,9.105263,1109.842105,57.789474,,708.473684,3672.631579,27.157895,1.421053,,,,,,,72.526316,
      Australia,323.526316,,,0.842105,0.684211,,,6.578947,,,,,,,,,,,,,,,0.684211,,,,2.684211,,,0.263158,,,,,0.789474,11.105263,,,7.052632,,,,,,0.894737,,,5.105263,,,,,0.947368,,576.789474,5973.736842,,,,187.526316,0.315789,248.526316,56.631579,10.263158,,28.263158,,2.421053,1.157895,0.894737,,1.842105,,,,,,0.263158,0.894737,,,,,,,1.105263,,3.052632,,,,,,,,,,217.789474,1609.789474,0.526316,2.052632,,0.263158,,37.684211,4.263158,2.263158,1.789474,31.157895,,,51.157895,27.684211,,,,,6.052632,,14.105263,,4.947368,62.421053,4750.789474,1117.157895,694.526316,2065.526316,0.263158,1844.736842,,,22,585.052632,6652.263158,1407,1593.789474,164,193.684211,,128.157895,,250.105263,86.368421,417.368421,1282.578947,24.789474,97.894737,215.684211,864.631579,19.631579,77.578947,3286.736842,,94.368421,74.473684,4.421053,86,271.157895,255.052632,,,2.105263,3.578947,,0.736842,21.684211,0.789474,8.578947,2.473684,0.736842,,32.473684,11,3.421053,16935.1579,33.421053,353.578947,39.052632,118.894737,571.631579,,4.210526,
      New Zealand,30.684211,,,,,,,,,,,,,,,,,,,,,,,,,,7.894737,,,,,,,,,0.631579,,0.789474,,,,,,,,,,0.526316,,,0.473684,,,,23.052632,851.526316,,,,94.789474,,,8.315789,0.789474,,5.789474,,,,,,,,,0.789474,,,,,,,,,,,,,,,,,,,3.157895,,,,3.631579,80.315789,,,,,,0.315789,,,,0.315789,,,10.894737,,,,,,7,,3.052632,,,11.052632,242.263158,26.368421,6.315789,64.631579,0.315789,78.789474,0.368421,,0.421053,146.684211,180.894737,33.421053,33.894737,69.263158,,,1.578947,,7.894737,6.368421,30.421053,60.263158,,43.842105,15.052632,208.947368,14.894737,26.736842,417.368421,,4.736842,25.105263,1.263158,3.157895,13.157895,14.526316,,,,,,,0.263158,,,10.894737,,,0.368421,,2053.736842,68.315789,11.684211,332.578947,59.789474,445.842105,45.684211,,8.473684,
      Solomon Islds,,,,,,,,,,,,,,,,,,,,,,,,,,,,,,,,,,,,,,,,,,,,,,,,,,,,,,,,,,,,,,,,,,,,,,,,,,,,,,,,,,,,,,,,,,,,,,,,,,,,,,,,,,,,,,,,,,,,,,,,,,,,,,,,,,,,,,,,,,,,,,,,,,,,1.263158,,,,,,,,,,,,,,,,,,,,,,,,,,,,,,,,,,,
      Fiji,,,,,,,,,,,,,,,,,,,,,,,,,,,,,0.315789,,,,,,,,,,,,,,,,,,,,,,,,,,,4.631579,,,,,,,,,,,,,,,,,,,,,,,,,,,,,,,,,,,,,,,,,,,,,,,,,,,,,,,,,,,,,,,,,,,,1.157895,,,1.315789,,,,,,,1.789474,,,,,,,,,,,,,,,,,,1,,10.315789,,,,,,,,,,,,,,,,,,,,15.263158,11,11.105263,,34.263158,9.473684,4.473684,0.263158,,
      Kiribati,,,,,,,,,,,,,,,,,,,,,,,,,,,,,,,,,,,,,,,,,,,,,,,,,,,,,,,,10.578947,,,,,,,,,,1.315789,,,,,,,,,,,,,,,,,,,,,,,,,,,,,,,,,0.315789,,,,,,,,,,,,,,,,,,,,,,,,,,,,,,,,,,,,,,,,,,,,,,,,,2.894737,,,,,,,,,,,,,,,,,,,,0.842105,,,,,,,,,0.631579,,,,,,
      New Caledonia,,,,,,,,,,,,,,,,,,,,,,,,,,,,,,,,,,,,,,,,,0.368421,,,,,,,,,,,,,,,1.842105,,,,,,,,,,,,,,,,,,,,,,,,,,,0.263158,,,,,,,,,,,,,,,,0.736842,,,,,,,,,,,,,,,,,,,,,,,,,,,,,,0.947368,,,,,,,,,,,,,,,27.421053,,,,,,,0.421053,0.631579,,,,,,2.105263,,,,,,,,,,,,,,,,0.263158,0.736842,4.736842,0.684211,0.368421,5.684211,,,,
      Papua N Guinea,,,,,,,,,,,,,,,,,,,,,,,,,,,,,,,,,,,,,,,,,,,,,,,,,,,,,,,,,,,,,,,,,,,,,,,,,,,,,,,,,,,,,,,,,,,,,,,,,,,0.842105,,,,,,,,,,,,,,,,,,,,,,,,,0.421053,,,,,,,,,,1.578947,,,,,,,,,,,,,,,,,0.894737,,,,,,,,,,,,,,,,,,,,,,,8.684211,,0.894737,,,,,,,
      Oth Oceania nes,,,,,,,,,,,,,,,,,,,,,,,,,,,,,,,,,,,,,,,,,,,,,,,,,,,,,,,,,,,,,,,,,,,,,,,,,,,,,,,,,,,,,,,,,,,,,,,,,,,,,,,,,,,,,,,,,,,,,,,,,,,,,,,,,,,,,,,,,,,,,,,,,,,,,,,,,,,,,,,,,,,,,,,,,,,,,,,,,,,,,,,
      Areas nes,,,,,,,,,,,,,,,,,,,,,,,,,,,,,,,,,,,,,,,,,,,,,,,,,,,,,,,,,,,,,,,,,,,,,,,,,,,,,,,,,,,,,,,,,,,,,,,,,,,,,,,,,,,,,,,,,,,,,,,,,,,,,,,,,,,,,,,,,,,,,,,,,,,,,,,,,,,,,,,,,,,,,,,,,,,,,,,,,,,,,,,
      Unknown partner,,,,,,,,,,,,,,,,,,,,,,,,,,,,,,,,,,,,,,,,,,,,,,,,,,,,,,,,,,,,,,,,,,,,,,,,,,,,,,,,,,,,,,,,,,,,,,,,,,,,,,,,,,,,,,,,,,,,,,,,,,,,,,,,,,,,,,,,,,,,,,,,,,,,,,,,,,,,,,,,,,,,,,,,,,,,,,,,,,,,,,,
